{
"type": "FeatureCollection",
"name": "Maske",
"crs": { "type": "name", "properties": { "name": "urn:ogc:def:crs:EPSG::25833" } },
"features": [
{ "type": "Feature", "properties": { "fid": 1, "Id": "0301" }, "geometry": { "type": "MultiPolygon", "coordinates": [ [ [ [ 398823.282986883714329, 5831013.660381051711738 ], [ 398797.433792187366635, 5831000.454195526428521 ], [ 398700.992881610058248, 5830950.596607640385628 ], [ 398686.484211997536477, 5830939.574106599204242 ], [ 398697.344099289271981, 5830953.26589045394212 ], [ 398709.021673559152987, 5830962.642492639832199 ], [ 398771.086812188616022, 5830997.856506200507283 ], [ 398782.952865535276942, 5831006.629569411277771 ], [ 398819.041271767287981, 5831032.439460712485015 ], [ 398824.711080074950587, 5831036.131071913987398 ], [ 398824.396891189273447, 5831030.137617993168533 ], [ 398823.282986883714329, 5831013.660381051711738 ] ] ], [ [ [ 397182.473429268749896, 5837110.883274332620203 ], [ 397114.087753012776375, 5837001.19707359187305 ], [ 397039.185752575867809, 5836880.136106691323221 ], [ 397014.70571278949501, 5836849.605611905455589 ], [ 396983.700647372752428, 5836802.001049183309078 ], [ 396975.964729238534346, 5836784.350124714896083 ], [ 396971.781658197985962, 5836774.730741264298558 ], [ 396958.919239918701351, 5836745.178623634390533 ], [ 396948.163496138527989, 5836715.986302320845425 ], [ 396917.530075623362791, 5836640.677090701647103 ], [ 396900.642574540630449, 5836599.302761981263757 ], [ 396860.185432004334871, 5836496.48328297957778 ], [ 396845.514099587337114, 5836455.966611416079104 ], [ 396848.777026019175537, 5836438.305957095697522 ], [ 396856.829523597785737, 5836435.852633564732969 ], [ 396869.521869398304261, 5836435.51065338589251 ], [ 396885.502131788874976, 5836429.306499858386815 ], [ 396896.710190214740578, 5836419.293677436187863 ], [ 396904.624401110224426, 5836404.344097607769072 ], [ 396918.063652067969088, 5836385.489516367204487 ], [ 396921.619033040828072, 5836377.922395013272762 ], [ 396922.642298348597251, 5836373.903240102343261 ], [ 396921.276179899927229, 5836370.429595968686044 ], [ 396917.25787303794641, 5836364.206765330396593 ], [ 396913.693597963370848, 5836355.575490728020668 ], [ 396912.072298763087019, 5836349.206968425773084 ], [ 396911.679892485786695, 5836339.115344190038741 ], [ 396913.510208944033366, 5836324.981696791946888 ], [ 396912.110422182362527, 5836304.010243951343 ], [ 396918.132062827295158, 5836284.197183283045888 ], [ 396919.099209864449222, 5836282.47889478225261 ], [ 396920.545165693969466, 5836279.651575024239719 ], [ 396922.888808165153023, 5836276.70714939199388 ], [ 396929.519916726392694, 5836267.881495364010334 ], [ 396931.34769011195749, 5836269.346515280194581 ], [ 396954.393813566595782, 5836287.605474462732673 ], [ 397007.795245569432154, 5836329.883510301820934 ], [ 397077.046056842722464, 5836390.557695570401847 ], [ 397210.595025176764466, 5836435.707242920063436 ], [ 397270.973987000877969, 5836466.353232003748417 ], [ 397298.722623534034938, 5836479.522956877946854 ], [ 397368.854350154928397, 5836512.982719982974231 ], [ 397455.027510443818755, 5836553.935926773585379 ], [ 397473.89627133263275, 5836562.875339864753187 ], [ 397546.697095172363333, 5836589.484798897989094 ], [ 397571.466983178455848, 5836598.511679056100547 ], [ 397712.670180428714957, 5836678.012061600573361 ], [ 397790.890757476910949, 5836721.416624097153544 ], [ 397736.181003614328802, 5836426.986433858051896 ], [ 397734.95571330236271, 5836420.410391130484641 ], [ 397720.576877166633494, 5836342.791568773798645 ], [ 397704.559606909286231, 5836257.904638175852597 ], [ 397687.478857537091244, 5836164.438753419555724 ], [ 397652.443452829262242, 5835973.623976524919271 ], [ 397622.491155916650314, 5835813.40949934348464 ], [ 397621.367734735249542, 5835806.931502416729927 ], [ 397607.144224113202654, 5835732.209421074017882 ], [ 397593.641370764642488, 5835658.573497585952282 ], [ 397592.300890961894765, 5835651.199718978255987 ], [ 397564.903026715794113, 5835504.335298798978329 ], [ 397563.456877700518817, 5835496.663560771383345 ], [ 397562.116400505648926, 5835489.289781202562153 ], [ 397556.998233157792129, 5835462.089808953925967 ], [ 397592.884790904179681, 5835409.110390444286168 ], [ 397734.785186852270272, 5835200.023920831270516 ], [ 397738.094075901608448, 5835195.261268014088273 ], [ 397742.179733574215788, 5835189.283916153945029 ], [ 397747.818928512162529, 5835180.877166219055653 ], [ 397771.648439168464392, 5835145.826033166609704 ], [ 397827.569208520115353, 5835063.267399990931153 ], [ 397911.50321372441249, 5834939.578466839157045 ], [ 397976.376778795500286, 5834896.54561326559633 ], [ 398051.221876857045572, 5834846.823282872326672 ], [ 398124.582894755993038, 5834797.929185221903026 ], [ 398220.240151802543551, 5834733.211497707292438 ], [ 398381.645742245600559, 5834624.14450232218951 ], [ 398558.157344017818104, 5834504.990143805742264 ], [ 398589.655915279407054, 5834484.091521581634879 ], [ 398648.802477651042864, 5834444.867464676499367 ], [ 398708.977157836954575, 5834407.123681733384728 ], [ 398737.959719417325687, 5834385.373125445097685 ], [ 398843.843745383783244, 5834337.858795964159071 ], [ 398981.524487613933161, 5834222.144650956615806 ], [ 399003.546456358977593, 5834202.42664120066911 ], [ 399004.530753821250983, 5834201.607951967976987 ], [ 399013.199049795395695, 5834194.743331609293818 ], [ 399014.28139591019135, 5834193.822782635688782 ], [ 399088.07408993714489, 5834125.62230871245265 ], [ 399191.778368321072776, 5834031.954001392237842 ], [ 399218.51429089717567, 5834007.746568006463349 ], [ 399223.332012604165357, 5834003.455123978666961 ], [ 399228.738026239792816, 5833998.552522074431181 ], [ 399231.194958730484359, 5833996.305893210694194 ], [ 399286.820061745936982, 5833945.450220450758934 ], [ 399323.083850128867198, 5833912.262005336582661 ], [ 399382.545307505177334, 5833863.333039439283311 ], [ 399495.86249529547058, 5833917.267608634196222 ], [ 399543.792182319157291, 5833940.051689866930246 ], [ 399600.145545116160065, 5833958.875548217445612 ], [ 399636.874514244613238, 5833971.074163463898003 ], [ 399678.467955003667157, 5833986.679711381904781 ], [ 399725.843474891677033, 5834001.375108920037746 ], [ 399768.571572065819055, 5834013.559344558976591 ], [ 399821.712015550525393, 5834026.445000858046114 ], [ 399822.17558303126134, 5834024.536346072331071 ], [ 399840.992658182629384, 5833962.583547019399703 ], [ 399842.119701380899642, 5833958.762427041307092 ], [ 399843.814076925395057, 5833953.23065529204905 ], [ 399846.264260535361245, 5833945.384696534834802 ], [ 399858.468423732323572, 5833898.456534850411117 ], [ 399860.885189072287176, 5833883.611885863356292 ], [ 399864.019656807766296, 5833864.453968739137053 ], [ 399882.476221008691937, 5833820.306348462589085 ], [ 399888.304756921308581, 5833806.096597610041499 ], [ 399893.283246557228267, 5833794.502801198512316 ], [ 399924.114758149953559, 5833796.314851412549615 ], [ 399979.663443152036052, 5833799.155590658076108 ], [ 399988.672624675557017, 5833799.683787493035197 ], [ 400031.173078805964906, 5833805.173023183830082 ], [ 400071.434533358667977, 5833808.605140798725188 ], [ 400066.170233173412271, 5833737.012416314333677 ], [ 400065.224773775786161, 5833724.131684826686978 ], [ 400064.376336834451649, 5833705.849625428207219 ], [ 400063.428094061615411, 5833698.068454263731837 ], [ 400062.397924257791601, 5833685.989260082133114 ], [ 400059.724525859812275, 5833661.142625213600695 ], [ 400054.34534375363728, 5833609.750135950744152 ], [ 400052.996262321423274, 5833596.67711684294045 ], [ 400050.331514794554096, 5833577.529765476472676 ], [ 400044.966703410027549, 5833532.13642062060535 ], [ 400040.676762895483989, 5833495.92169779818505 ], [ 400040.210264290391933, 5833492.430927813053131 ], [ 400037.434136046096683, 5833472.685756077058613 ], [ 400033.158560146111995, 5833442.470178957097232 ], [ 400029.078943160420749, 5833401.551898624747992 ], [ 400027.468993406160735, 5833385.284159222617745 ], [ 400022.29356144432677, 5833334.087758967652917 ], [ 399998.424182090559043, 5833230.652751915156841 ], [ 399989.481140273273923, 5833191.62699169293046 ], [ 399972.04060553497402, 5833115.96674196049571 ], [ 399968.663884802837856, 5833101.432510280050337 ], [ 399951.894859241729137, 5833055.756563480012119 ], [ 399944.939740429050289, 5833037.090939629822969 ], [ 399921.315558080328628, 5832972.747455224394798 ], [ 399916.500368334644008, 5832950.941339668817818 ], [ 399914.921933845500462, 5832941.572328874841332 ], [ 399907.965674051665701, 5832907.10824261046946 ], [ 399886.610728797968477, 5832825.423155754804611 ], [ 399878.521709241031203, 5832794.480317955836654 ], [ 399873.452388152480125, 5832775.078810451552272 ], [ 399870.70118203695165, 5832767.132015531882644 ], [ 399855.976986373192631, 5832723.816837430931628 ], [ 399851.742604383965954, 5832711.498732514679432 ], [ 399838.078913847100921, 5832671.363030382432044 ], [ 399827.385388670489192, 5832640.169853058643639 ], [ 399825.156814559944905, 5832633.412980095483363 ], [ 399807.665174532972742, 5832576.051888046786189 ], [ 399773.004636671103071, 5832462.523421371355653 ], [ 399736.205984536965843, 5832341.736380452290177 ], [ 399734.724716161028482, 5832337.465022353455424 ], [ 399733.00925052218372, 5832331.398299904540181 ], [ 399730.750201165908948, 5832323.042157254181802 ], [ 399729.536410134460311, 5832317.065864156931639 ], [ 399694.165170591440983, 5832145.256468439474702 ], [ 399685.021304945636075, 5832100.934983211569488 ], [ 399683.811326672381256, 5832095.158596869558096 ], [ 399574.653490602620877, 5832044.343905475921929 ], [ 399540.867947751074098, 5832029.189270081929862 ], [ 399491.648486008052714, 5832006.929462208412588 ], [ 399467.544237811816856, 5831996.089894299395382 ], [ 399458.577854481874965, 5831992.561119247227907 ], [ 399441.752200479560997, 5831985.88243225030601 ], [ 399403.463005318539217, 5831970.513639879412949 ], [ 399346.228162390005309, 5831947.406658125109971 ], [ 399310.854769423371181, 5831932.882205666974187 ], [ 399292.316558101272676, 5831925.536214998923242 ], [ 399244.957199962169398, 5831906.44062598887831 ], [ 399197.408354159619194, 5831882.649085582233965 ], [ 399168.030287428002339, 5831867.910377944819629 ], [ 399078.207284406584222, 5831819.026863996870816 ], [ 399009.687919191783294, 5831780.936302796937525 ], [ 398999.072736364556476, 5831774.839181167073548 ], [ 398995.530532354081515, 5831772.606898541562259 ], [ 398946.831641584052704, 5831740.93797673471272 ], [ 398926.276189350406639, 5831727.430988531559706 ], [ 398865.526559352641925, 5831687.792460914701223 ], [ 398856.087611425784416, 5831538.786249960772693 ], [ 398842.872770514281001, 5831328.057747358456254 ], [ 398841.692189075809438, 5831308.082108876667917 ], [ 398837.220299669425003, 5831236.074045088142157 ], [ 398835.035288819752168, 5831200.119037434458733 ], [ 398832.995948022697121, 5831166.561029915697873 ], [ 398831.605942205002066, 5831146.089427682571113 ], [ 398825.295650438056327, 5831045.819028897210956 ], [ 398811.007842523395084, 5831035.892224922776222 ], [ 398774.919435368676204, 5831010.082333367317915 ], [ 398767.410454144817777, 5831004.325960757210851 ], [ 398704.741780214302707, 5830968.923466373234987 ], [ 398691.949472756416071, 5830958.768178838305175 ], [ 398683.126761342165992, 5830947.037392717786133 ], [ 398677.486433671787381, 5830939.645560245960951 ], [ 398674.593396696145646, 5830929.50163110345602 ], [ 398671.555686537176371, 5830922.260189264081419 ], [ 398639.641185221378691, 5830847.875242911279202 ], [ 398602.701254085521214, 5830756.387628889642656 ], [ 398580.244480079505593, 5830700.820693490095437 ], [ 398565.721342455828562, 5830662.800952064804733 ], [ 398558.766303310927469, 5830644.135207444429398 ], [ 398548.973467228701338, 5830618.224206223152578 ], [ 398527.168773058801889, 5830560.145060821436346 ], [ 398502.356784326140769, 5830485.924701936542988 ], [ 398487.182446335209534, 5830434.718569226562977 ], [ 398466.535324302793015, 5830374.417551126331091 ], [ 398456.50259875919437, 5830346.411300082691014 ], [ 398446.21000695170369, 5830320.509804897941649 ], [ 398395.841833787213545, 5830195.98098854534328 ], [ 398380.519100037461612, 5830157.976440988481045 ], [ 398376.322865304071456, 5830147.657343920320272 ], [ 398365.55809659010265, 5830117.965182575397193 ], [ 398360.278523817949463, 5830103.267128705978394 ], [ 398357.008540773531422, 5830094.330255042761564 ], [ 398333.35423293261556, 5830028.387010771781206 ], [ 398331.612131520989351, 5830020.92088957875967 ], [ 398319.670657692186069, 5829971.452957531437278 ], [ 398314.02549529884709, 5829948.062663708813488 ], [ 398293.613399509806186, 5829863.359360305592418 ], [ 398289.343816469656304, 5829843.942492188885808 ], [ 398280.322020146413706, 5829806.017867082729936 ], [ 398262.67254133685492, 5829729.861131731420755 ], [ 398254.361861640587449, 5829692.522899736650288 ], [ 398238.87809739849763, 5829619.824576180428267 ], [ 398230.440811201813631, 5829581.088880718685687 ], [ 398203.999889121274464, 5829447.60488055087626 ], [ 398195.211294453707524, 5829395.677081019617617 ], [ 398204.822158404916991, 5829396.293916234746575 ], [ 398352.219713820028119, 5829407.384685844182968 ], [ 398356.319698222097941, 5829396.907539322972298 ], [ 398432.28894901642343, 5829211.977275889366865 ], [ 398481.405071109416895, 5829092.352622264064848 ], [ 398560.422528569819406, 5828899.465162399224937 ], [ 398565.764801673591137, 5828885.964642859995365 ], [ 398627.107691074023023, 5828736.309954832307994 ], [ 398744.851486614963505, 5828450.495501157827675 ], [ 398745.324602433363907, 5828449.086632223799825 ], [ 398746.007146130199544, 5828448.173723353073001 ], [ 398752.08244891546201, 5828431.159727462567389 ], [ 398744.390738593356218, 5828426.306741987355053 ], [ 398739.63387264253106, 5828423.297662461176515 ], [ 398521.653807783150114, 5828286.763833232223988 ], [ 398501.734364772622939, 5828275.144453383050859 ], [ 398310.181162669323385, 5828155.905359142459929 ], [ 398302.289538427721709, 5828151.05617315787822 ], [ 398214.570542481960729, 5828097.132586990483105 ], [ 398042.451867061376106, 5827990.322055963799357 ], [ 398035.77491029468365, 5827986.249654434621334 ], [ 397909.808505008812062, 5827908.656956561841071 ], [ 397894.528800337458961, 5827899.148968037217855 ], [ 397809.731241989589762, 5827846.369527391158044 ], [ 397724.33204437373206, 5827793.50153243355453 ], [ 397638.834787588450126, 5827740.735371538437903 ], [ 397600.588400732143782, 5827711.866768808104098 ], [ 397597.01764808682492, 5827708.13515595998615 ], [ 397594.148481374373659, 5827704.490170436911285 ], [ 397568.761009724170435, 5827678.776308516971767 ], [ 397560.810349181294441, 5827670.828542525880039 ], [ 397499.436430686386302, 5827608.903735633008182 ], [ 397461.409031906398013, 5827560.032916435971856 ], [ 397433.819739605358336, 5827518.462543386034667 ], [ 397409.954483353591058, 5827472.9216224020347 ], [ 397406.296162947779521, 5827464.592127621173859 ], [ 397399.802003648248501, 5827449.117354344576597 ], [ 397398.026628284249455, 5827445.151562637649477 ], [ 397390.224480298697017, 5827434.501226392574608 ], [ 397388.683280186261982, 5827432.330796802416444 ], [ 397384.571839534852188, 5827421.210207557305694 ], [ 397384.758448750188109, 5827410.007758999243379 ], [ 397372.675463638850488, 5827368.841972430236638 ], [ 397364.144169196253642, 5827340.907227756455541 ], [ 397336.190423920750618, 5827253.948246234096587 ], [ 397314.84200825256994, 5827256.55461495090276 ], [ 397274.453087000641972, 5827130.936274015344679 ], [ 397259.361035241163336, 5827084.028345456346869 ], [ 397151.455706517561339, 5827077.984174760989845 ], [ 397128.699579521664418, 5827011.924081714823842 ], [ 397125.312577652628534, 5827002.089556649327278 ], [ 397048.911878631974105, 5827027.942187564447522 ], [ 397047.788600491243415, 5827021.46421610750258 ], [ 397046.659611793118529, 5827014.686382726766169 ], [ 397036.971766838105395, 5826973.274953965097666 ], [ 397033.695208552409895, 5826958.738782704807818 ], [ 397025.378143239649944, 5826926.300365359522402 ], [ 397019.920685861317907, 5826907.506147623993456 ], [ 397014.210021253908053, 5826885.917025323025882 ], [ 397010.751659948844463, 5826867.084735281765461 ], [ 396999.912973991711624, 5826812.496506405062973 ], [ 396995.436075875244569, 5826782.184736179187894 ], [ 396992.724989475158509, 5826765.837968997657299 ], [ 396991.810211879084818, 5826754.556494389660656 ], [ 396991.149615027592517, 5826740.870413702912629 ], [ 396991.21061350335367, 5826723.070991733111441 ], [ 396994.029442033963278, 5826697.81977350730449 ], [ 396992.884345894970465, 5826674.443867623806 ], [ 396987.45169011503458, 5826646.450071827508509 ], [ 396988.984482215542812, 5826611.424302575178444 ], [ 396989.412946088938043, 5826591.918048974126577 ], [ 397002.553860566345975, 5826546.872179995290935 ], [ 397010.687624752696138, 5826480.423769403249025 ], [ 397007.581415237858891, 5826480.082960779778659 ], [ 397017.220270901801996, 5826403.406888900324702 ], [ 397020.324576778220944, 5826403.647744158282876 ], [ 397021.552635608939454, 5826394.625238675624132 ], [ 397030.488575160386972, 5826396.554866008460522 ], [ 397031.268252620007843, 5826390.240635096095502 ], [ 397037.823387412936427, 5826387.916020998731256 ], [ 397037.861507168214303, 5826379.416127013973892 ], [ 397033.612943938933313, 5826382.096777833066881 ], [ 397020.441765037947334, 5826383.547478892840445 ], [ 397012.958486535295378, 5826384.389914346858859 ], [ 397006.813664697459899, 5826382.007174565456808 ], [ 397002.16245309705846, 5826379.296021264977753 ], [ 396996.943532907578629, 5826257.50732343364507 ], [ 396996.736989120952785, 5826251.911804116331041 ], [ 396996.350548993330449, 5826242.120121147483587 ], [ 396996.176362739061005, 5826238.223819428123534 ], [ 396994.268909553531557, 5826190.564805988222361 ], [ 396991.736124844406731, 5826125.819371842779219 ], [ 396985.161955064511858, 5826127.144441957585514 ], [ 396982.760274539061356, 5826111.29172969982028 ], [ 396979.679848460422363, 5826096.551834576763213 ], [ 397002.344820669910405, 5826094.820369871333241 ], [ 397001.797522556153126, 5826081.832063019275665 ], [ 396987.184360535116866, 5826044.314025193452835 ], [ 396983.461353685182985, 5826032.586072570644319 ], [ 396981.229072384361643, 5826025.629264073446393 ], [ 396977.768845766084269, 5826006.697010960429907 ], [ 396968.279229474544991, 5825944.18383920006454 ], [ 396971.179818920558318, 5825944.228596846573055 ], [ 396967.350292876246385, 5825916.40424442011863 ], [ 396985.50398081477033, 5825914.058761486783624 ], [ 396982.811040684522595, 5825893.412063440307975 ], [ 396963.855811807792634, 5825895.672817911952734 ], [ 396954.48907098674681, 5825823.858210351318121 ], [ 396972.502835862280335, 5825819.415601290762424 ], [ 396979.169347577961162, 5825817.688817135989666 ], [ 396985.337989024701528, 5825816.071503466926515 ], [ 397009.777401169529185, 5825813.00639430899173 ], [ 397058.176399298070464, 5825813.184696479700506 ], [ 397062.374495315481909, 5825813.104758375324309 ], [ 397081.233571112912614, 5825811.04581964854151 ], [ 397095.485215359251015, 5825808.574662553146482 ], [ 397110.187147129618097, 5825803.495186506770551 ], [ 397128.080014048260637, 5825797.954989963211119 ], [ 397138.975070689688437, 5825797.747531990520656 ], [ 397150.817300772410817, 5825800.021792944520712 ], [ 397162.086448597023264, 5825803.706828573718667 ], [ 397165.004165972291958, 5825804.651172644458711 ], [ 397176.626469262409955, 5825811.129208245314658 ], [ 397180.445681574230548, 5825812.15637656673789 ], [ 397181.587184529867955, 5825793.336488198488951 ], [ 397182.181267765467055, 5825782.526237381622195 ], [ 397194.16782359033823, 5825692.606814636848867 ], [ 397186.496126987622119, 5825683.553797321394086 ], [ 397247.008982751285657, 5825632.006522818468511 ], [ 397266.09756190108601, 5825615.744622332975268 ], [ 397371.440746111969929, 5825529.247128007933497 ], [ 397497.258525844779797, 5825425.761477099731565 ], [ 397488.454985866323113, 5825415.030181230045855 ], [ 397446.687674393120687, 5825364.030579119920731 ], [ 397401.132598074618727, 5825308.403550672344863 ], [ 397230.375586151145399, 5825099.775661392137408 ], [ 397219.423522802419029, 5825086.485513785853982 ], [ 397244.420777375344187, 5825081.21004749648273 ], [ 397257.112197038892191, 5825075.568939419463277 ], [ 397253.799463157018181, 5825069.632603634148836 ], [ 397253.132216177415103, 5825060.846174555830657 ], [ 397252.704926520586014, 5825043.65600416995585 ], [ 397252.451730298227631, 5825040.861100709065795 ], [ 397252.336633805884048, 5825029.564405138604343 ], [ 397251.694127992319409, 5825022.077376870438457 ], [ 397251.125843309157062, 5825018.488551309332252 ], [ 397248.089227046701126, 5825006.047598017379642 ], [ 397246.915505651501007, 5825002.170329123735428 ], [ 397245.560906091413926, 5824999.29640553612262 ], [ 397244.327195215155371, 5824997.520071951672435 ], [ 397242.186280622612685, 5824995.361050374805927 ], [ 397240.755557244643569, 5824988.488969971425831 ], [ 397233.324915283650625, 5824955.333723455667496 ], [ 397223.999030641105492, 5824911.915573550388217 ], [ 397221.035728998831473, 5824898.07336057163775 ], [ 397232.888457946944982, 5824895.647911114618182 ], [ 397258.081815092533361, 5824890.168743383139372 ], [ 397367.636003855906893, 5824867.2849803538993 ], [ 397382.481655711366329, 5824864.502579742111266 ], [ 397368.698054455511738, 5824791.772220058366656 ], [ 397368.256369026959874, 5824789.580846645869315 ], [ 397366.833261310472153, 5824783.108583291992545 ], [ 397361.057097370212432, 5824752.821558293886483 ], [ 397352.838346554606687, 5824709.782300502061844 ], [ 397346.323539415898267, 5824672.210057133808732 ], [ 397327.427507711749058, 5824656.571390327066183 ], [ 397317.979861528321635, 5824606.756194334477186 ], [ 397317.224992287578061, 5824603.870852054096758 ], [ 397320.109448479663115, 5824597.816528776660562 ], [ 397330.893309397972189, 5824576.013353849761188 ], [ 397362.276230956369545, 5824570.016408666968346 ], [ 397393.161280284228269, 5824564.128933125175536 ], [ 397415.94810699817026, 5824558.295644712634385 ], [ 397437.533575043315068, 5824552.385238653980196 ], [ 397458.473642712458968, 5824544.087358251214027 ], [ 397478.783534194168169, 5824534.201634733937681 ], [ 397509.676280415267684, 5824518.215018787421286 ], [ 397557.993552621104755, 5824493.097548405639827 ], [ 397604.919068665651139, 5824468.406540681608021 ], [ 397625.907701711694244, 5824457.408012150786817 ], [ 397638.476322990260087, 5824450.56938702147454 ], [ 397646.379434513975866, 5824445.519415127113461 ], [ 397658.919510454928968, 5824437.181483537890017 ], [ 397677.748201801325195, 5824423.024397857487202 ], [ 397697.600272395880893, 5824404.848229225724936 ], [ 397712.008130865695421, 5824389.575429418124259 ], [ 397723.242185420938767, 5824375.66292342543602 ], [ 397728.023872167686932, 5824369.472498973831534 ], [ 397736.557253723032773, 5824355.511418954469264 ], [ 397739.875780226720963, 5824351.248660671524704 ], [ 397747.445773886400275, 5824339.205732570961118 ], [ 397760.877021294785663, 5824314.652458162978292 ], [ 397765.814849077665713, 5824306.159292184747756 ], [ 397774.523401876329444, 5824290.895009937696159 ], [ 397788.542959446262103, 5824265.730598904192448 ], [ 397790.181290376058314, 5824262.499728846363723 ], [ 397804.45694428961724, 5824235.030674356035888 ], [ 397873.044913305842783, 5824113.936929467134178 ], [ 397875.463850855652709, 5824109.691300379112363 ], [ 397910.580812982399948, 5824047.72891818266362 ], [ 397937.006347499205731, 5824001.930399555712938 ], [ 397947.941545989539009, 5823982.824123977683485 ], [ 397962.79600304143969, 5823954.244183024391532 ], [ 397969.803434184577782, 5823938.912310367450118 ], [ 397975.64185925014317, 5823925.202531603164971 ], [ 397986.669509343861137, 5823895.1955950781703 ], [ 397995.680947854474653, 5823864.327132407575846 ], [ 398002.591443668236025, 5823833.398675764910877 ], [ 398005.824452274595387, 5823814.139060431160033 ], [ 398007.359134259459097, 5823800.211242682300508 ], [ 398008.081758455431554, 5823790.898421306163073 ], [ 398008.623502594185993, 5823782.588942740112543 ], [ 398009.824071277282201, 5823766.86766645591706 ], [ 398010.437448885582853, 5823736.05908605735749 ], [ 398009.576250096957665, 5823706.578445350751281 ], [ 398006.533182904182468, 5823678.039248261600733 ], [ 398001.592887678416446, 5823649.636156317777932 ], [ 397995.974739357654471, 5823627.645324105396867 ], [ 397991.951047825918067, 5823610.623637008480728 ], [ 397980.523352649819572, 5823572.345040673390031 ], [ 397952.897928854159545, 5823481.580077362246811 ], [ 397918.096087982412428, 5823365.754234537482262 ], [ 397917.12318279966712, 5823367.172613608650863 ], [ 397893.99935386213474, 5823376.311909403651953 ], [ 397885.862080469029024, 5823379.566493951715529 ], [ 397880.698702450026758, 5823381.464599938131869 ], [ 397877.820955786621198, 5823382.619268450886011 ], [ 397657.953665741893928, 5823467.296485970728099 ], [ 397641.967556099116337, 5823473.200231862254441 ], [ 397587.476031394326128, 5823489.13602430652827 ], [ 397531.194832567824051, 5823505.605838834308088 ], [ 397465.571181734150741, 5823525.053219798952341 ], [ 397412.377138356678188, 5823540.864337424747646 ], [ 397358.487211746978574, 5823556.888686012476683 ], [ 397344.096792878000997, 5823541.564159542322159 ], [ 397336.6326695503667, 5823532.90711363311857 ], [ 397332.361263985279948, 5823534.388284339569509 ], [ 397327.974681720836088, 5823535.071726562455297 ], [ 397283.199456143600401, 5823483.629212721250951 ], [ 397204.26119739265414, 5823391.941021038219333 ], [ 397188.625660555553623, 5823374.240419688634574 ], [ 397174.708378642739262, 5823357.507011197507381 ], [ 397142.989920545718633, 5823319.614563385955989 ], [ 397122.832708422094584, 5823295.50066536385566 ], [ 397095.441728358506225, 5823264.325166426599026 ], [ 397087.794822603114881, 5823256.571500523015857 ], [ 397079.28637959563639, 5823250.834037297405303 ], [ 397070.693203479924705, 5823245.898108196444809 ], [ 397065.957284594827797, 5823243.98845221567899 ], [ 397061.325125627568923, 5823242.276801505126059 ], [ 397051.172632493195124, 5823239.470347426831722 ], [ 397045.757960949325934, 5823238.673503368161619 ], [ 397028.154538166476414, 5823238.408641377463937 ], [ 396961.842783357191365, 5823237.471093459054828 ], [ 396961.954027080268133, 5823248.567889795638621 ], [ 396954.266021297953557, 5823254.41367266420275 ], [ 396942.291637259011623, 5823239.943041848018765 ], [ 396919.923494968214072, 5823257.2671650769189 ], [ 396891.662470374139957, 5823222.408569312654436 ], [ 396919.921342356246896, 5823199.372865449637175 ], [ 396923.351385829155333, 5823185.208953662775457 ], [ 396927.277397393307183, 5823170.835621082223952 ], [ 396932.201052748947404, 5823156.343308757059276 ], [ 396941.928367095533758, 5823131.560558528639376 ], [ 396956.961903312010691, 5823101.87727771140635 ], [ 396964.720439371536486, 5823089.230820935219526 ], [ 396908.133605180657469, 5823026.614148085005581 ], [ 396850.722488152270671, 5823031.006608696654439 ], [ 396806.086529727908783, 5823034.156000867486 ], [ 396697.302509959088638, 5823039.726294286549091 ], [ 396572.04496204003226, 5823046.610056253150105 ], [ 396541.777714861847926, 5823048.186077670194209 ], [ 396507.91590103454655, 5823050.030500271357596 ], [ 396475.653359768679366, 5823051.844481923617423 ], [ 396422.892485776275862, 5823053.64867564663291 ], [ 396398.018977694329806, 5823054.922050565481186 ], [ 396370.444787281681783, 5823056.146841080859303 ], [ 396368.347640244057402, 5823056.286749369464815 ], [ 396349.169646905385889, 5823057.351723461411893 ], [ 396305.116235981811769, 5823059.590118919499218 ], [ 396249.771735757763963, 5823062.243414674885571 ], [ 396223.657785713148769, 5823066.640103938058019 ], [ 396206.903300066769589, 5823079.457816803827882 ], [ 396190.642879995750263, 5823091.966155242174864 ], [ 396155.853520094533451, 5823118.625862190499902 ], [ 396151.543163167021703, 5823112.808472950011492 ], [ 396148.366423012281302, 5823119.268327812664211 ], [ 396083.165309765259735, 5823129.408550765365362 ], [ 396077.183241504477337, 5823130.322340410202742 ], [ 396066.757631260843482, 5823118.421943684108555 ], [ 396053.166829641908407, 5823103.082128513604403 ], [ 396056.716888001770712, 5823084.716303136199713 ], [ 396067.289943668758497, 5823030.820182359777391 ], [ 396078.042869112396147, 5822981.120239501819015 ], [ 396084.63078582030721, 5822948.997903360053897 ], [ 396095.372303896117955, 5822898.698239701800048 ], [ 396096.836497782904189, 5822891.571049350313842 ], [ 396156.882876866555307, 5822594.856449814513326 ], [ 396157.975793639372569, 5822589.236184700392187 ], [ 396159.168665256758686, 5822583.61401716247201 ], [ 396162.002814914332703, 5822569.661406349390745 ], [ 396185.576644993619993, 5822452.823884603567421 ], [ 396204.809263738978188, 5822360.066699117422104 ], [ 396214.03146789886523, 5822313.995581984519958 ], [ 396226.655221985245589, 5822252.261225445196033 ], [ 396050.383950625429861, 5822037.536919901147485 ], [ 396064.487247514480259, 5822027.269465426914394 ], [ 396065.204923782963306, 5822033.455214015208185 ], [ 396073.176575751276687, 5822032.003623846918344 ], [ 396017.532227670249995, 5821908.574521742761135 ], [ 396015.130540496844333, 5821903.220744919963181 ], [ 396007.31053179432638, 5821886.371193720959127 ], [ 395986.874752478906885, 5821842.364351181313396 ], [ 395984.993765716790222, 5821838.100559008307755 ], [ 395983.224147791741416, 5821834.43459005933255 ], [ 396015.758378553553484, 5821810.117686715908349 ], [ 396019.414854641770944, 5821807.848309793509543 ], [ 396051.55670783779351, 5821794.437836328521371 ], [ 396058.877268673619255, 5821790.298900180496275 ], [ 396067.955164279323071, 5821783.926730540581048 ], [ 396074.641754392709117, 5821778.000032083131373 ], [ 396078.346822090446949, 5821773.029989323578775 ], [ 396086.694762946455739, 5821754.572869951836765 ], [ 396095.394965521176346, 5821733.609286766499281 ], [ 396117.500156250433065, 5821676.194061853922904 ], [ 396135.561337976367213, 5821626.955027782358229 ], [ 396137.808068969810847, 5821618.913037466816604 ], [ 396138.629667958361097, 5821614.797794748097658 ], [ 396136.302174301352352, 5821613.342232251539826 ], [ 396122.316287088266108, 5821603.509360467083752 ], [ 396122.297264247725252, 5821602.50981826428324 ], [ 396080.028323722479399, 5821572.417179712094367 ], [ 396045.867997649940662, 5821548.069659671746194 ], [ 396045.283487147593405, 5821548.880706732161343 ], [ 396042.950286460458301, 5821547.125280752778053 ], [ 396044.801870496477932, 5821544.590283153578639 ], [ 396039.731845518399496, 5821540.887131393887103 ], [ 396036.003947877208702, 5821544.657721498981118 ], [ 396033.933431553828996, 5821546.196981105022132 ], [ 396031.447877960803453, 5821546.944215533323586 ], [ 396028.847151427762583, 5821546.893718209117651 ], [ 396026.527266540564597, 5821545.837971862405539 ], [ 396020.446279923024122, 5821541.554116337560117 ], [ 396018.766071298276074, 5821542.585995998233557 ], [ 396016.778389250626788, 5821543.223765245638788 ], [ 396016.097728439373896, 5821544.2366230385378 ], [ 395987.345334387384355, 5821525.585627580992877 ], [ 395968.035209227236919, 5821514.454204735346138 ], [ 395848.972952935204376, 5821452.826084373518825 ], [ 395849.964028313814197, 5821447.107765971682966 ], [ 395846.608452016836964, 5821444.171908614225686 ], [ 395844.039198644633871, 5821440.52115385606885 ], [ 395842.361929762118962, 5821436.453462433069944 ], [ 395842.120170921261888, 5821434.258272310718894 ], [ 395842.36487055948237, 5821431.353891328908503 ], [ 395843.026509620016441, 5821429.341490355320275 ], [ 395786.66772990336176, 5821399.716922785155475 ], [ 395770.609417053754441, 5821391.323339750990272 ], [ 395768.526622432225849, 5821386.963393001817167 ], [ 395760.519174987275619, 5821365.517824365757406 ], [ 395747.136131170089357, 5821340.074941081926227 ], [ 395743.19708351441659, 5821332.75060264673084 ], [ 395698.392110758635681, 5821248.211326408199966 ], [ 395686.878641020390205, 5821226.432507442310452 ], [ 395625.372261980548501, 5821110.214050292037427 ], [ 395619.461793366353959, 5821099.127581278793514 ], [ 395607.533293402695563, 5821076.556726884096861 ], [ 395601.93410299893003, 5821066.064276793040335 ], [ 395578.66713989636628, 5821030.910390582866967 ], [ 395568.501318264578003, 5821027.404186779633164 ], [ 395549.984079340356402, 5821021.15717659983784 ], [ 395497.747989114141092, 5821003.252964231185615 ], [ 395398.311580495384987, 5820969.348510891199112 ], [ 395367.314329243963584, 5820958.839399167336524 ], [ 395364.091044086264446, 5820957.600856953300536 ], [ 395327.660084042930976, 5820945.295319094322622 ], [ 395322.124520293262322, 5820943.400842421688139 ], [ 395281.976203021069523, 5820930.166132596321404 ], [ 395272.506445258215535, 5820915.947679793462157 ], [ 395301.197223687486257, 5820868.306141057983041 ], [ 395325.167105704080313, 5820830.053569385781884 ], [ 395377.04715360654518, 5820745.174242326058447 ], [ 395402.387877352768555, 5820705.395741980522871 ], [ 395413.622110628872178, 5820691.483261439949274 ], [ 395418.89604227070231, 5820684.883518780581653 ], [ 395423.198955610161647, 5820679.802112013101578 ], [ 395438.261054287198931, 5820662.117143614217639 ], [ 395444.911529957200401, 5820654.291321543976665 ], [ 395454.422656738664955, 5820644.411255059763789 ], [ 395464.622055441082921, 5820633.91814901214093 ], [ 395501.257486615155358, 5820604.423759478144348 ], [ 395541.061891587800346, 5820578.568727223202586 ], [ 395582.038073671748862, 5820556.491044769994915 ], [ 395606.381606983253732, 5820543.129056921228766 ], [ 395664.86529347387841, 5820511.019169961102307 ], [ 395708.423171177157201, 5820487.992462733760476 ], [ 395723.055665634397883, 5820484.514342575334013 ], [ 395781.083961846423335, 5820470.511419730260968 ], [ 395851.478112888056785, 5820454.773349957540631 ], [ 395862.227581428945996, 5820452.169040952809155 ], [ 395892.082776668248698, 5820444.701623341999948 ], [ 395928.9776977582369, 5820434.100543507374823 ], [ 395965.411932026734576, 5820420.308536765165627 ], [ 396001.125557667866815, 5820405.430349011905491 ], [ 396034.7697112672613, 5820386.891894619911909 ], [ 396068.787053200823721, 5820366.946476533077657 ], [ 396100.978579681192059, 5820345.635936508886516 ], [ 396131.43663808220299, 5820322.5585558405146 ], [ 396153.378473777731415, 5820303.842816456221044 ], [ 396161.747190415626392, 5820296.984225262887776 ], [ 396169.210608676308766, 5820289.842888509854674 ], [ 396176.470313510857522, 5820282.505447330884635 ], [ 396189.428487541095819, 5820269.860079693607986 ], [ 396215.074552528676577, 5820240.874845202080905 ], [ 396238.27795956277987, 5820209.636312296614051 ], [ 396260.864521183248144, 5820177.509606434963644 ], [ 396263.869919872377068, 5820172.552894279360771 ], [ 396280.729483824456111, 5820144.234803430736065 ], [ 396291.677356544008944, 5820120.528762414120138 ], [ 396333.847192899556831, 5820050.833046548068523 ], [ 396276.826543969975319, 5820044.218700069002807 ], [ 396235.140795188082848, 5820039.512368544004858 ], [ 396232.234501888975501, 5820039.16770395077765 ], [ 396176.220993574010208, 5820032.934152660891414 ], [ 396144.755338936520275, 5820029.333240108564496 ], [ 395999.561493017186876, 5820013.197590454481542 ], [ 395986.335135362693109, 5820011.74940474703908 ], [ 395979.321186462766491, 5820010.982941888272762 ], [ 395889.341198952344712, 5820001.096054911613464 ], [ 395878.717465451918542, 5819999.798330357298255 ], [ 395693.440802823286504, 5819979.12579173501581 ], [ 395682.210573589778505, 5819982.739140995778143 ], [ 395668.098771426535677, 5819987.307231371290982 ], [ 395441.002846321673132, 5820060.02162753790617 ], [ 395425.399319821444806, 5820065.01806818228215 ], [ 395393.298376655729953, 5820075.327930189669132 ], [ 395320.257552831782959, 5820099.115553786046803 ], [ 395314.190733855008148, 5820100.830835537053645 ], [ 395194.235530926089268, 5820139.409799810498953 ], [ 395230.597602648078464, 5820216.410674453713 ], [ 395238.000615261145867, 5820232.368310373276472 ], [ 395255.913701170531567, 5820269.923928184434772 ], [ 395231.826258437824436, 5820280.981252546422184 ], [ 395229.154950910946354, 5820287.731453246437013 ], [ 395185.873271715361625, 5820398.844677033834159 ], [ 395126.096341899130493, 5820552.167886042967439 ], [ 395072.61215248220833, 5820689.372893158346415 ], [ 395064.70010019140318, 5820709.721564890816808 ], [ 395014.168090928986203, 5820839.171156129799783 ], [ 395008.497091658005957, 5820851.177961335517466 ], [ 395005.016639664303511, 5820857.443613423034549 ], [ 394998.945820600783918, 5820869.458027241751552 ], [ 394980.528514498320874, 5820863.209097940474749 ], [ 394946.715376077685505, 5820851.853631503880024 ], [ 394903.239978903555311, 5820837.182347018271685 ], [ 394885.787982513895258, 5820829.115212757140398 ], [ 394882.962612270493992, 5820827.769105304032564 ], [ 394815.978089659009129, 5820796.746713771484792 ], [ 394804.174929879023694, 5820791.271837316453457 ], [ 394754.340631763217971, 5820768.222324931994081 ], [ 394707.229843338602223, 5820746.42086261510849 ], [ 394655.479271656018682, 5820722.507884689606726 ], [ 394640.050506430969108, 5820747.199223082512617 ], [ 394615.299945085775107, 5820786.466618718579412 ], [ 394614.366965542489197, 5820789.98405009880662 ], [ 394610.548406829999294, 5820804.755360079929233 ], [ 394582.790537645923905, 5820848.879546452313662 ], [ 394569.086787053965963, 5820869.638427865691483 ], [ 394518.23956003470812, 5820950.998612497001886 ], [ 394483.988223960390314, 5821005.94540414121002 ], [ 394334.815671063959599, 5821243.162636768072844 ], [ 394334.815671063028276, 5821243.162636769004166 ], [ 394089.877489272214007, 5820998.346324742771685 ], [ 394060.340185418957844, 5821001.508155178278685 ], [ 394034.603360249195248, 5821041.494329349137843 ], [ 394005.949667691602372, 5821085.835626009851694 ], [ 393926.5016634031781, 5821072.448804219253361 ], [ 393577.109423665737268, 5821013.503314798697829 ], [ 393521.830477869487368, 5821003.856173349544406 ], [ 393429.548143313964829, 5820988.613725641742349 ], [ 393367.251374226179905, 5820978.000215630047023 ], [ 393335.653186636627652, 5820972.702018490992486 ], [ 393177.758363996690605, 5820946.009207309223711 ], [ 393157.595031787583139, 5820942.5932273613289 ], [ 393152.186220408941153, 5820931.597129481844604 ], [ 393145.341893749777228, 5820918.728514898568392 ], [ 393132.510400574363302, 5820922.272391675971448 ], [ 393122.403482193709351, 5820921.864766892977059 ], [ 393119.327685725467745, 5820923.123189843259752 ], [ 393118.299600247468334, 5820921.642885192297399 ], [ 393087.778932174551301, 5820920.423814716748893 ], [ 393074.526692640443798, 5820922.875795079395175 ], [ 393063.260248953592964, 5820924.590049865655601 ], [ 392988.100791062461212, 5820852.826666791923344 ], [ 392948.585769198718481, 5820815.0819570440799 ], [ 392915.893301175558008, 5820783.806839277036488 ], [ 392793.677562967059202, 5820666.842822033911943 ], [ 392776.023257313587237, 5820679.677659909240901 ], [ 392693.171297859516926, 5820739.649098005145788 ], [ 392674.149943517637439, 5820754.209807240404189 ], [ 392602.494051833171397, 5820808.768683457747102 ], [ 392603.520235991920345, 5820810.149035267531872 ], [ 392590.316378204326611, 5820820.399417202919722 ], [ 392588.798023691400886, 5820819.428395944647491 ], [ 392566.716080160986166, 5820836.047178075648844 ], [ 392557.80566085933242, 5820840.7163404263556 ], [ 392552.655516522936523, 5820843.314123628661036 ], [ 392539.976161541417241, 5820854.854414869099855 ], [ 392505.183376390719786, 5820886.613781918771565 ], [ 392439.400523560645524, 5820918.762874108739197 ], [ 392421.370258127106354, 5820927.605234011076391 ], [ 392358.361425501352642, 5820958.401665230281651 ], [ 392287.122828002437018, 5820992.85440893098712 ], [ 392270.478621983435005, 5821000.970460405573249 ], [ 392228.673898498876952, 5821021.564261904917657 ], [ 392194.158532336121425, 5821031.12029226962477 ], [ 392146.21570506086573, 5821044.431536580435932 ], [ 392099.435151968849823, 5821061.020384958945215 ], [ 392093.2835419519688, 5821063.537239517085254 ], [ 392055.574233454768546, 5821078.653585130348802 ], [ 392032.053989652427845, 5821088.000396291725338 ], [ 392018.26284247363219, 5821093.662370046600699 ], [ 392016.07522692065686, 5821094.303947440348566 ], [ 391972.130609667277895, 5821107.539122163318098 ], [ 391965.965683411050122, 5821109.356291201896966 ], [ 391952.047949603118468, 5821113.620794559828937 ], [ 391912.870772406284232, 5821125.165388495661318 ], [ 391842.676647129410412, 5821146.199460496194661 ], [ 391867.678396100294776, 5821225.216948438435793 ], [ 391878.949141501972917, 5821250.000349567271769 ], [ 391872.922868961817585, 5821269.613372164778411 ], [ 391877.086387657211162, 5821288.732512356713414 ], [ 391877.424296547251288, 5821290.725912309251726 ], [ 391881.086134864774067, 5821309.754607406444848 ], [ 391881.42214178253198, 5821311.648052006028593 ], [ 391901.233441462623887, 5821412.162478511221707 ], [ 391901.573253023496363, 5821414.25583354383707 ], [ 391906.126900060917251, 5821443.366697345860302 ], [ 391959.358953328512143, 5821529.346285593695939 ], [ 391970.311871680198237, 5821547.936248346231878 ], [ 391993.213464282394852, 5821584.897238080389798 ], [ 391994.762257319758646, 5821587.46754243876785 ], [ 392029.8352653933689, 5821643.995210892520845 ], [ 392041.693496408755891, 5821662.867912815883756 ], [ 392025.996443273092154, 5821673.46576002240181 ], [ 391983.945963394129649, 5821702.163634121417999 ], [ 391947.925607603392564, 5821816.539460544474423 ], [ 391939.491588661679998, 5821851.497010556049645 ], [ 391937.359997532097623, 5821860.336829163134098 ], [ 391934.828583139402326, 5821869.184256984852254 ], [ 391926.572693974070717, 5821897.738963165320456 ], [ 391924.602971147629432, 5821904.575871707871556 ], [ 391915.50644977169577, 5821936.24631449021399 ], [ 391899.283134185650852, 5821992.750295031815767 ], [ 391894.499252897861879, 5822009.3399389218539 ], [ 391892.254392900737002, 5822017.481974582187831 ], [ 391882.9769887549337, 5822050.155780458822846 ], [ 391878.152475399139803, 5822048.847717643715441 ], [ 391855.984731520351488, 5822129.262824037112296 ], [ 391859.907740335154813, 5822130.488051721826196 ], [ 391853.448304409044795, 5822153.609037086367607 ], [ 391849.830869881086983, 5822152.677968525327742 ], [ 391845.974266140139662, 5822165.450290757231414 ], [ 391849.695461170980707, 5822166.579367496073246 ], [ 391838.461662882298697, 5822206.789779441431165 ], [ 391835.756974227610044, 5822217.040391076356173 ], [ 391835.006786311743781, 5822219.654448444023728 ], [ 391808.777715378906578, 5822317.845372308976948 ], [ 391774.447709577565547, 5822342.396731456741691 ], [ 391774.447709578322247, 5822342.396731457673013 ], [ 391729.069965262198821, 5822322.362143182195723 ], [ 391719.696425302652642, 5822355.237783285789192 ], [ 391627.139809524582233, 5822315.102886847220361 ], [ 391555.655637898482382, 5822520.546254681423306 ], [ 391514.45417985424865, 5822677.917301462963223 ], [ 391499.566568502224982, 5822794.090945753268898 ], [ 391495.670738249202259, 5822820.562884604558349 ], [ 391489.049146044999361, 5822866.685062995180488 ], [ 391478.300668157811742, 5822921.885039754211903 ], [ 391458.002639416081365, 5823005.964383691549301 ], [ 391451.808633962529711, 5823031.646821297705173 ], [ 391461.794852550199721, 5823032.224062971770763 ], [ 391462.000818945234641, 5823034.982497808523476 ], [ 391526.399658283684403, 5823042.825957565568388 ], [ 391526.137776413117535, 5823044.864121608436108 ], [ 391509.597428216831759, 5823110.973437592387199 ], [ 391459.660320406837855, 5823313.707068553194404 ], [ 391455.128341527131852, 5823359.289526861160994 ], [ 391447.980829789768904, 5823440.818770083598793 ], [ 391441.520729798125103, 5823516.43542492762208 ], [ 391387.101903087459505, 5823509.971935400739312 ], [ 391326.662873953348026, 5823502.423140577971935 ], [ 391301.905231399112381, 5823499.294711065478623 ], [ 391318.395793775795028, 5823519.879066056571901 ], [ 391325.5658518205164, 5823528.841822733171284 ], [ 391328.23129933513701, 5823532.290793099440634 ], [ 391332.645466704852879, 5823538.306259038858116 ], [ 391337.36901515716454, 5823544.815793938934803 ], [ 391344.069734202290419, 5823555.387350412085652 ], [ 391350.163106755004264, 5823565.570501041598618 ], [ 391356.790506125777029, 5823577.543335717171431 ], [ 391366.225024874962401, 5823605.661383162252605 ], [ 391367.394937023636885, 5823609.338804427534342 ], [ 391369.415867412171792, 5823615.699800692498684 ], [ 391376.167817066016141, 5823639.469278214499354 ], [ 391382.527554126339965, 5823663.646187625825405 ], [ 391385.910560212563723, 5823683.780103120952845 ], [ 391389.077413568389602, 5823708.317765601910651 ], [ 391389.700724618625827, 5823725.304480989463627 ], [ 391389.91483714338392, 5823731.299904217943549 ], [ 391387.131894724909216, 5823758.450617825612426 ], [ 391385.109667258278932, 5823778.287460187450051 ], [ 391383.25222264585318, 5823791.021758573129773 ], [ 391377.915069647599012, 5823825.820461311377585 ], [ 391376.146166584454477, 5823837.953124768100679 ], [ 391372.027651328477077, 5823863.229423143900931 ], [ 391369.38958680536598, 5823876.978499127551913 ], [ 391365.229081184254028, 5823910.554905389435589 ], [ 391362.354821816785261, 5823932.907760972157121 ], [ 391358.29529403115157, 5823961.282679929398 ], [ 391356.511173132341355, 5823972.615701103582978 ], [ 391351.946159301267471, 5824000.700268731452525 ], [ 391345.472205968049821, 5824049.319468142464757 ], [ 391338.233485387288965, 5824126.050886339507997 ], [ 391339.282890023139771, 5824175.926750333979726 ], [ 391339.145385121752042, 5824210.726467992179096 ], [ 391339.131686215521768, 5824241.524162132292986 ], [ 391339.40707970171934, 5824298.014211193658412 ], [ 391341.402396153076552, 5824297.776242201216519 ], [ 391337.611177821701858, 5824340.244884245097637 ], [ 391338.955253798456397, 5824343.563837719149888 ], [ 391337.61117782065412, 5824340.24488424602896 ], [ 391333.671795270522125, 5824353.918747271411121 ], [ 391331.979139425850008, 5824359.550504776649177 ], [ 391329.568284573149867, 5824400.992952979169786 ], [ 391319.184426715713926, 5824470.084900175221264 ], [ 391312.532432968378998, 5824525.106969434767962 ], [ 391304.91323215077864, 5824581.847313077189028 ], [ 391296.628712980891578, 5824629.901049481704831 ], [ 391291.785810923262034, 5824653.891261716373265 ], [ 391285.337903577834368, 5824677.612056235782802 ], [ 391278.054194579715841, 5824699.448921924456954 ], [ 391265.575449540396221, 5824737.283372578211129 ], [ 391221.407245920447167, 5824822.817240515723825 ], [ 391220.170610141940415, 5824826.14051064196974 ], [ 391200.302728798764292, 5824864.515618765726686 ], [ 391182.533032655483112, 5824897.551222929731011 ], [ 391164.817624881514348, 5824928.185995381325483 ], [ 391154.734255190356635, 5824944.776614667847753 ], [ 391144.243449513800442, 5824960.975025157444179 ], [ 391123.544581228110474, 5824992.466540042310953 ], [ 391100.697158434020821, 5825021.399180165491998 ], [ 391097.565161764097866, 5825024.958521735854447 ], [ 391101.528151412203442, 5825028.282788187265396 ], [ 391088.25950524257496, 5825045.634000468999147 ], [ 391066.603047984302975, 5825068.844441835768521 ], [ 390982.166842944978271, 5825150.645449459552765 ], [ 390965.67295581032522, 5825166.658193895593286 ], [ 390947.143893665634096, 5825170.310708947479725 ], [ 390944.691662301367614, 5825167.557628903537989 ], [ 390923.366520512965508, 5825187.162073344923556 ], [ 390925.516980496933684, 5825189.820907277986407 ], [ 390918.346562213380821, 5825212.355588587932289 ], [ 390822.055404076993, 5825306.981343456543982 ], [ 390804.878946238488425, 5825323.907023493200541 ], [ 390807.518671628844459, 5825331.256156926043332 ], [ 390796.808024179539643, 5825341.159293986856937 ], [ 390812.411516500753351, 5825357.160867030732334 ], [ 390814.85994403611403, 5825359.714035679586232 ], [ 390815.375849775155075, 5825365.80371302831918 ], [ 390812.749342955299653, 5825369.65341079980135 ], [ 390788.67960820713779, 5825397.409467536024749 ], [ 390779.071486252709292, 5825391.692891100421548 ], [ 390771.41000670066569, 5825398.938186399638653 ], [ 390770.133410594949964, 5825400.162394909188151 ], [ 390774.977884684456512, 5825407.769525015726686 ], [ 390785.986296231974848, 5825418.759005453437567 ], [ 390816.359384499141015, 5825448.978170220740139 ], [ 390832.594067165569868, 5825461.368015157990158 ], [ 390732.660634938569274, 5825564.262534380890429 ], [ 390766.644486740813591, 5825600.312458182685077 ], [ 390692.196400377841201, 5825671.024350652471185 ], [ 390500.56137775874231, 5825852.258856207132339 ], [ 390422.666173468867783, 5825925.736264743842185 ], [ 390385.439798001665622, 5825897.947415842674673 ], [ 390364.73459351999918, 5825892.342158329673111 ], [ 390362.448917498346418, 5825893.085624473169446 ], [ 390292.41734516719589, 5825917.417276785708964 ], [ 390232.518516289768741, 5825938.256259120069444 ], [ 390231.424704561068211, 5825938.577062917873263 ], [ 390213.842790766619146, 5825944.71138459071517 ], [ 390192.887096465623472, 5825952.20984467677772 ], [ 390188.63826904213056, 5825975.888854644261301 ], [ 390182.014499335899018, 5825974.615094780921936 ], [ 390171.332389579445589, 5825986.017601521685719 ], [ 390166.309559043031186, 5826016.310822144150734 ], [ 390150.255624688812532, 5826013.416774410754442 ], [ 390143.183101994218305, 5826056.847976930439472 ], [ 390120.907123981683981, 5826052.772514254786074 ], [ 390114.451557930675335, 5826086.592741558328271 ], [ 390098.897402950562537, 5826083.689179480075836 ], [ 390092.048069987329654, 5826075.82024443987757 ], [ 390036.454606358194724, 5826138.973891392350197 ], [ 389978.898169600171968, 5826204.064784331247211 ], [ 389981.976796672854107, 5826208.205825390294194 ], [ 389983.927355080551933, 5826210.868467010557652 ], [ 389979.91196588560706, 5826210.045000961981714 ], [ 389967.206892580725253, 5826225.485723181627691 ], [ 389965.722769650863484, 5826226.313920577056706 ], [ 389953.013890001049731, 5826241.554732305929065 ], [ 389937.621408812934533, 5826257.646583557128906 ], [ 389893.120387469476555, 5826304.690317008644342 ], [ 389864.995276762580033, 5826329.523960013873875 ], [ 389835.032883426174521, 5826352.392752014100552 ], [ 389792.307407255051658, 5826382.404044351540506 ], [ 389749.376304531644564, 5826412.119282625615597 ], [ 389704.418429543380626, 5826445.672822684049606 ], [ 389701.218906620808411, 5826440.434169529005885 ], [ 389628.567172275565099, 5826495.213458342477679 ], [ 389560.86560199590167, 5826557.897871576249599 ], [ 389493.465798196324613, 5826620.676551989279687 ], [ 389426.984630193037447, 5826684.437681691721082 ], [ 389429.790041017462499, 5826689.983818456530571 ], [ 389400.999469325353857, 5826716.630050322040915 ], [ 389376.53466897085309, 5826739.394204660318792 ], [ 389323.88283957762178, 5826788.99309497512877 ], [ 389304.139829972817097, 5826807.667649266310036 ], [ 389270.546535034663975, 5826839.404971388168633 ], [ 389237.293077056237962, 5826873.235663757659495 ], [ 389232.405628167907707, 5826879.128289085812867 ], [ 389199.181633790605702, 5826919.757898772135377 ], [ 389192.1522339307121, 5826928.691083788871765 ], [ 389172.971812875010073, 5826950.654681270942092 ], [ 389157.477456046966836, 5826966.648540392518044 ], [ 389155.712492967722937, 5826968.482013083063066 ], [ 389153.359208855777979, 5826970.92664336040616 ], [ 389143.106660038989503, 5826947.123756040818989 ], [ 389132.159912240051199, 5826955.131622998975217 ], [ 389127.822718380368315, 5826958.413973272778094 ], [ 389115.305210697813891, 5826967.951638522557914 ], [ 389082.121249293209985, 5827000.18115549441427 ], [ 389030.261437677079812, 5827049.365065473131835 ], [ 388932.926703000266571, 5827141.71178069524467 ], [ 388884.9928289433592, 5827187.021251651458442 ], [ 388834.307742233620957, 5827234.88293837942183 ], [ 388836.879909523704555, 5827243.933253447525203 ], [ 388808.060698700312059, 5827279.579421825706959 ], [ 388784.268992834724486, 5827290.431738184764981 ], [ 388762.609720501932316, 5827297.743711421266198 ], [ 388757.840339541202411, 5827299.33442968968302 ], [ 388741.150360692641698, 5827305.051878088153899 ], [ 388659.749749786453322, 5827383.496292144060135 ], [ 388586.964521836780477, 5827452.277377682738006 ], [ 388515.809051857504528, 5827522.627327623777092 ], [ 388467.388686982332729, 5827568.646105949766934 ], [ 388443.227530103933532, 5827591.604569433256984 ], [ 388362.110606510890648, 5827663.944160180166364 ], [ 388371.021028102026321, 5827669.773999447003007 ], [ 388346.780848827969749, 5827693.833896902389824 ], [ 388314.67261464567855, 5827719.543540122918785 ], [ 388208.903264474647585, 5827820.55060095526278 ], [ 388218.396144412457943, 5827856.967046867124736 ], [ 388165.040985225816257, 5827853.883581390604377 ], [ 388145.9919312793063, 5827872.24504963401705 ], [ 388133.129773449501954, 5827884.689115034416318 ], [ 388125.864286775526125, 5827891.726980729028583 ], [ 388092.086247119761538, 5827924.267950182780623 ], [ 388078.928023950604256, 5827936.917643113061786 ], [ 388060.565343297610525, 5827954.566098576411605 ], [ 388134.530615229858086, 5827979.255348885431886 ], [ 388240.679170481860638, 5828008.431216165423393 ], [ 388281.832876608590595, 5828016.646690121851861 ], [ 388314.638750089972746, 5828022.32136598136276 ], [ 388346.825843795842957, 5828027.007902075536549 ], [ 388373.865635889873374, 5828029.192673854529858 ], [ 388478.180735200177878, 5828035.605156930163503 ], [ 388509.188341553614009, 5828036.114473729394376 ], [ 388581.292561739683151, 5828031.341367948800325 ], [ 388613.690039328066632, 5828031.324249976314604 ], [ 388771.305883057648316, 5828043.221012681722641 ], [ 388842.104855663783383, 5828048.671985803171992 ], [ 388846.91040080745006, 5828048.980424002744257 ], [ 388910.856115357368253, 5828056.861751710996032 ], [ 388950.329518658574671, 5828066.109131908044219 ], [ 388983.860577082261443, 5828109.867043036967516 ], [ 389086.921259408583865, 5828244.693453005515039 ], [ 389159.889398828730918, 5828337.796268169768155 ], [ 389204.880235544929747, 5828395.234769267961383 ], [ 389204.846904705977067, 5828398.735132471658289 ], [ 389209.198348421312403, 5828401.452029273845255 ], [ 389267.962220723507926, 5828478.526618448086083 ], [ 389288.586551260319538, 5828506.131584855727851 ], [ 389302.54046091157943, 5828524.764316716231406 ], [ 389338.122079094406217, 5828571.182878495194018 ], [ 389403.733461412135512, 5828656.026364303193986 ], [ 389435.617652874090709, 5828697.315739753656089 ], [ 389446.89464063604828, 5828711.899770381860435 ], [ 389452.942480048863217, 5828719.683948745951056 ], [ 389461.701512519619428, 5828733.316020277328789 ], [ 389470.622411472199019, 5828734.445986437611282 ], [ 389475.242301202786621, 5828740.757482128217816 ], [ 389507.977550470328424, 5828784.730419696308672 ], [ 389576.360169979394414, 5828873.320786924101412 ], [ 389601.153355438029394, 5828904.546187347732484 ], [ 389613.550900489324704, 5828920.208864507265389 ], [ 389626.712888652808033, 5828939.256730636581779 ], [ 389642.567062280490063, 5828963.152953704819083 ], [ 389663.222072950855363, 5829002.856560719199479 ], [ 389673.510074540041387, 5829023.259075233712792 ], [ 389675.068458767898846, 5829026.329162352718413 ], [ 389680.229132559441496, 5829040.029845775105059 ], [ 389681.591412112116814, 5829043.30365386698395 ], [ 389705.029089853167534, 5829097.853155555203557 ], [ 389720.727196809311863, 5829134.551405495963991 ], [ 389733.232362436247058, 5829161.111224361695349 ], [ 389777.529774736089166, 5829260.859996958635747 ], [ 389791.800862321571913, 5829290.885911711491644 ], [ 389802.564875222393312, 5829315.279052746482193 ], [ 389823.534084742248524, 5829360.97620449680835 ], [ 389837.72997775580734, 5829392.303450219333172 ], [ 389889.129187760292552, 5829507.915709399618208 ], [ 389906.564671964733861, 5829546.580685803666711 ], [ 389943.153029682463966, 5829630.077455780468881 ], [ 389963.118888334021904, 5829675.593708921223879 ], [ 389977.520424674148671, 5829707.216995813883841 ], [ 389969.77990718127694, 5829694.565403170883656 ], [ 389990.654902820650022, 5829740.56429410353303 ], [ 390015.286411916022189, 5829794.7910027038306 ], [ 390014.69908039283473, 5829800.701756654307246 ], [ 390045.695559541927651, 5829874.105773200280964 ], [ 390059.346858631004579, 5830050.032680095173419 ], [ 390060.659627083223313, 5830202.896373346447945 ], [ 390059.176773975428659, 5830251.021071350201964 ], [ 390053.187274219351821, 5830293.532052347436547 ], [ 390049.491912629804574, 5830320.000507496297359 ], [ 390026.068946162820794, 5830486.634503177367151 ], [ 389995.378305410034955, 5830597.211130789481103 ], [ 389935.362712005502544, 5830758.842788766138256 ], [ 389930.557256871135905, 5830769.033605023287237 ], [ 389867.655313857016154, 5830926.120642026886344 ], [ 389861.534277967992239, 5830940.736205073073506 ], [ 389859.636097108072136, 5830946.071983167901635 ], [ 389851.772075670887716, 5830968.920155125670135 ], [ 389837.080701665603556, 5831011.296991079114377 ], [ 389817.768556755501777, 5831063.061191402375698 ], [ 389783.373755072127096, 5831152.410048926249146 ], [ 389760.392798728367779, 5831211.043669906444848 ], [ 389727.734289070824161, 5831286.560474997386336 ], [ 389684.825160403503105, 5831380.371289913542569 ], [ 389649.060397366643883, 5831455.54733769595623 ], [ 389645.889453139272518, 5831462.307270515710115 ], [ 389641.911236017069314, 5831468.682614980265498 ], [ 389636.080560628557578, 5831482.792696308344603 ], [ 389629.092312712746207, 5831499.124674957245588 ], [ 389619.151081794465426, 5831517.912747873924673 ], [ 389561.874095369246788, 5831629.096143463626504 ], [ 389524.594774181197863, 5831703.501149475574493 ], [ 389486.129634883196559, 5831810.126427069306374 ], [ 389480.45237098884536, 5831837.532629235647619 ], [ 389479.449999964330345, 5831842.651359927840531 ], [ 389474.037204574095085, 5831852.453800091519952 ], [ 389469.001268934924155, 5831850.549907843582332 ], [ 389465.372347297612578, 5831849.019175082445145 ], [ 389461.528272472321987, 5831846.692600176669657 ], [ 389460.632579466269817, 5831857.408892203122377 ], [ 389464.780334472481627, 5831859.929665710777044 ], [ 389463.71901775355218, 5831872.448983212932944 ], [ 389461.775344141235109, 5831896.384287974797189 ], [ 389463.496570136921946, 5831902.751024718396366 ], [ 389466.31440829357598, 5831903.697256339713931 ], [ 389477.89975502435118, 5831892.477287595160306 ], [ 389482.276896234718151, 5831891.293958057649434 ], [ 389486.393273471505381, 5831897.415067813359201 ], [ 389486.419045017682947, 5831904.014097758568823 ], [ 389487.856538631836884, 5831905.986560174264014 ], [ 389505.024438870954327, 5831914.85874583106488 ], [ 389512.501244968792889, 5831918.915964890271425 ], [ 389513.585202556336299, 5831886.597655205987394 ], [ 389532.381664736778475, 5831870.740602670237422 ], [ 389545.94731081550708, 5831879.481446529738605 ], [ 389550.881383835570887, 5831881.287286449223757 ], [ 389553.268914957297966, 5831880.641834129579365 ], [ 389570.567031321290415, 5831870.1129494542256 ], [ 389594.568176606087945, 5831880.754784544929862 ], [ 389613.976129617483821, 5831896.983744191937149 ], [ 389610.920497440267354, 5831915.040660218335688 ], [ 389611.892496732645668, 5831918.821861268021166 ], [ 389613.107216811389662, 5831919.598655616864562 ], [ 389637.954521948879119, 5831916.925332427956164 ], [ 389642.260388371534646, 5831927.742486319504678 ], [ 389641.15817172464449, 5831943.362352563068271 ], [ 389649.195718122995459, 5831950.608651195652783 ], [ 389653.377871330478229, 5831965.427870249375701 ], [ 389660.908014483749866, 5831972.283866479061544 ], [ 389664.174421189236455, 5831991.520214324817061 ], [ 389665.506242826173548, 5831993.194711254909635 ], [ 389681.238548103836365, 5832000.194385308772326 ], [ 389688.845787924889009, 5832005.848999005742371 ], [ 389685.569404219451826, 5832033.309433346614242 ], [ 389693.313580815272871, 5832025.162444593384862 ], [ 389701.061678998696152, 5832027.714599934406579 ], [ 389703.393067262135446, 5832029.370048908516765 ], [ 389704.638267241884023, 5832031.74614511616528 ], [ 389715.803157297195867, 5832050.931969783268869 ], [ 389721.262785756902304, 5832059.3273098571226 ], [ 389723.826472458196804, 5832062.678207674063742 ], [ 389726.16548073978629, 5832064.733481944538653 ], [ 389728.898600610089488, 5832066.481267914175987 ], [ 389731.007215418154374, 5832066.941049487330019 ], [ 389735.386258123617154, 5832065.857675316743553 ], [ 389740.144172299769707, 5832063.667161799967289 ], [ 389748.583225086156745, 5832050.007334124296904 ], [ 389754.721482220804319, 5832046.790590142831206 ], [ 389774.419552990584634, 5832041.515582122839987 ], [ 389782.420902927522548, 5832046.862705746665597 ], [ 389782.237238287110813, 5832052.965759092010558 ], [ 389781.904199410346337, 5832066.971080594696105 ], [ 389783.224590840167366, 5832068.045838609337807 ], [ 389801.151006741216406, 5832059.004869046621025 ], [ 389817.496269548835699, 5832056.193576293997467 ], [ 389831.425427551497705, 5832052.528391064144671 ], [ 389845.479531583143398, 5832071.159189474768937 ], [ 389852.836429249146022, 5832079.418379711918533 ], [ 389857.15652806579601, 5832085.735585976392031 ], [ 389858.063757698226254, 5832086.118268367834389 ], [ 389860.339899817947298, 5832084.874982030130923 ], [ 389863.706039679003879, 5832083.110961293801665 ], [ 389876.171928891621064, 5832070.874291083775461 ], [ 389888.18207542510936, 5832081.944595089182258 ], [ 389891.430217291577719, 5832084.482507245615125 ], [ 389898.295847221277654, 5832087.95141068380326 ], [ 389905.625178054498974, 5832100.010845798999071 ], [ 389915.603806954866741, 5832109.419986179098487 ], [ 389921.822071570262779, 5832110.40140912309289 ], [ 389927.570024061831646, 5832107.692066413350403 ], [ 389934.615507263224572, 5832104.858005193993449 ], [ 389943.834261165116914, 5832095.383015395142138 ], [ 389950.227673297165893, 5832095.061196469701827 ], [ 389955.623424394638278, 5832094.858381737954915 ], [ 389960.227256028680131, 5832105.569855760782957 ], [ 389959.23452810064191, 5832121.687588517554104 ], [ 389984.999345013988204, 5832104.197861541993916 ], [ 389988.696956515312195, 5832119.826242954470217 ], [ 389989.590964596485719, 5832130.008455283008516 ], [ 389999.523757230432238, 5832126.519417154602706 ], [ 390018.166449658456258, 5832155.062028002925217 ], [ 390021.925918594119139, 5832168.689376573078334 ], [ 390029.556128944852389, 5832186.042682650499046 ], [ 390031.857150600058958, 5832196.598051934503019 ], [ 390043.026626343664248, 5832200.284914859570563 ], [ 390046.803125882637687, 5832204.31264606397599 ], [ 390047.700829959241673, 5832204.195546467788517 ], [ 390062.755044906807598, 5832186.109981784597039 ], [ 390064.80549682804849, 5832178.271483489312232 ], [ 390073.817722666368354, 5832173.70006865169853 ], [ 390080.21494252217235, 5832173.578161340206861 ], [ 390096.347838955349289, 5832164.871348751708865 ], [ 390108.733936364471447, 5832169.434961066581309 ], [ 390108.552409065887332, 5832196.636409870348871 ], [ 390102.127740252297372, 5832211.057783838361502 ], [ 390089.40580881718779, 5832225.599161424674094 ], [ 390084.597474499896634, 5832230.390443870797753 ], [ 390073.05216131254565, 5832243.709488974884152 ], [ 390075.851955893682316, 5832248.955743486061692 ], [ 390076.862951773684472, 5832249.536433176137507 ], [ 390077.964378973003477, 5832249.61543648969382 ], [ 390082.337701941840351, 5832248.232192442752421 ], [ 390088.145601655065548, 5832243.42186161968857 ], [ 390093.22421903751092, 5832231.825930810533464 ], [ 390130.420380353461951, 5832226.517445268109441 ], [ 390125.805466814490501, 5832246.703902598470449 ], [ 390110.717860026517883, 5832257.790620621293783 ], [ 390109.843016704777256, 5832259.107195969671011 ], [ 390110.009649981861003, 5832262.60376182757318 ], [ 390111.470003284339327, 5832265.775696088559926 ], [ 390115.387359217857011, 5832266.70097108092159 ], [ 390124.982176695659291, 5832261.218519368208945 ], [ 390142.567802279954776, 5832255.283813434652984 ], [ 390154.747494063863996, 5832275.250216437503695 ], [ 390153.00834429229144, 5832283.682736924849451 ], [ 390141.872386303555686, 5832297.493943566456437 ], [ 390144.649320279364474, 5832301.540721391327679 ], [ 390146.192484730796423, 5832303.811143784783781 ], [ 390148.141308794962242, 5832316.873036531731486 ], [ 390153.351490950328298, 5832322.673311498947442 ], [ 390155.966613274009433, 5832328.723024631850421 ], [ 390154.636816029669717, 5832337.647707425057888 ], [ 390151.160304956254549, 5832344.113484491594136 ], [ 390141.513159436115529, 5832352.096749908290803 ], [ 390133.248499134671874, 5832380.152183447033167 ], [ 390125.356875052442774, 5832396.301389046013355 ], [ 390121.091250458557624, 5832408.581776141189039 ], [ 390120.63629755564034, 5832416.189884214662015 ], [ 390119.286438120529056, 5832418.815416036173701 ], [ 390108.283839771524072, 5832439.62356826197356 ], [ 390108.014451571798418, 5832441.228583714924753 ], [ 390103.786038305086549, 5832460.707730541937053 ], [ 390101.155916988151148, 5832474.85681074950844 ], [ 390100.701856601866893, 5832477.265286431647837 ], [ 390104.798292465740815, 5832487.586452329531312 ], [ 390106.475706423749216, 5832491.654182907193899 ], [ 390111.83817696548067, 5832494.951739078387618 ], [ 390114.124855759029742, 5832499.507821848616004 ], [ 390113.874518827942666, 5832502.112400345504284 ], [ 390108.050490575376898, 5832511.322716419585049 ], [ 390107.169932706980035, 5832512.339423337951303 ], [ 390094.283158142236061, 5832512.984977478161454 ], [ 390089.131139979988802, 5832515.482982401736081 ], [ 390084.893971619545482, 5832518.763493966311216 ], [ 390080.223699305672199, 5832525.552000838331878 ], [ 390079.198476505931467, 5832529.471250604838133 ], [ 390080.103800841956399, 5832529.753975624218583 ], [ 390088.355486550892238, 5832532.496508488431573 ], [ 390096.056965710828081, 5832537.849334508180618 ], [ 390102.947361690341495, 5832542.617661572992802 ], [ 390107.477793326135725, 5832544.231199064292014 ], [ 390114.237750770291314, 5832547.402129953727126 ], [ 390115.854201542329974, 5832548.27125854883343 ], [ 390119.961054945772048, 5832553.89257241692394 ], [ 390128.382295384304598, 5832565.53121527004987 ], [ 390127.340941819362342, 5832573.850446794182062 ], [ 390124.867809727671556, 5832580.497089718468487 ], [ 390123.060081300558522, 5832585.331185060553253 ], [ 390124.607057543238625, 5832587.801519202068448 ], [ 390135.781233841262292, 5832586.488652073778212 ], [ 390143.727333642193116, 5832588.937029367312789 ], [ 390147.840792666422203, 5832589.65857916418463 ], [ 390151.465899714443367, 5832590.989391178824008 ], [ 390154.142879754304886, 5832595.038072030991316 ], [ 390154.939736919011921, 5832600.12250875774771 ], [ 390152.907329122943338, 5832603.660981827415526 ], [ 390149.160419208812527, 5832606.432187798433006 ], [ 390134.630649194703437, 5832615.30844908207655 ], [ 390131.383521880721673, 5832618.070130766369402 ], [ 390133.872020028415136, 5832622.722359221428633 ], [ 390137.862661089398898, 5832622.246338068507612 ], [ 390142.835721304174513, 5832620.851661270484328 ], [ 390147.049136919958983, 5832621.571305885910988 ], [ 390163.162205756700132, 5832627.563768460415304 ], [ 390163.871427145844791, 5832628.050215616822243 ], [ 390169.558534160489216, 5832632.641486849635839 ], [ 390173.764455065713264, 5832643.460526345297694 ], [ 390174.611735710059293, 5832645.944194346666336 ], [ 390174.442304843279999, 5832647.547304783016443 ], [ 390173.277118963887915, 5832649.369376846589148 ], [ 390166.137529511353932, 5832663.004439083859324 ], [ 390161.768019230221398, 5832664.587599406950176 ], [ 390152.984164347988553, 5832660.155336906202137 ], [ 390147.757847404456697, 5832658.755047659389675 ], [ 390146.510867167613469, 5832666.778219971805811 ], [ 390147.050657833053265, 5832668.867777620442212 ], [ 390148.239721440710127, 5832673.544769475236535 ], [ 390156.607620271970518, 5832682.384633208625019 ], [ 390158.42969961441122, 5832683.549820302985609 ], [ 390162.581261525047012, 5832686.270495062693954 ], [ 390167.868543033022434, 5832690.869385243393481 ], [ 390172.203887928393669, 5832697.98623170144856 ], [ 390181.398999719065614, 5832703.01061134878546 ], [ 390188.294983615924139, 5832697.579584047198296 ], [ 390204.339338787132874, 5832689.474397757090628 ], [ 390212.6758654678124, 5832701.914591129869223 ], [ 390212.033324324234854, 5832704.926613965071738 ], [ 390210.484570419124793, 5832712.855543754063547 ], [ 390209.713623596937396, 5832724.869346681982279 ], [ 390234.703267043107189, 5832766.389991573989391 ], [ 390247.09241755597759, 5832786.852348439395428 ], [ 390249.465718805324286, 5832790.706829559989274 ], [ 390263.330337753461208, 5832804.641548582352698 ], [ 390276.912233678798657, 5832819.481587977148592 ], [ 390281.412311840511393, 5832829.995039590634406 ], [ 390326.968960372381844, 5832775.430826852098107 ], [ 390371.340630969207268, 5832816.082118638791144 ], [ 390375.714966287021525, 5832819.998455981723964 ], [ 390366.695264729089104, 5832834.669271277263761 ], [ 390374.440429924346972, 5832831.821866993792355 ], [ 390380.289345107623376, 5832834.410198824480176 ], [ 390403.971538191777654, 5832844.058116965927184 ], [ 390407.902228363091126, 5832845.683080090209842 ], [ 390417.195387132116593, 5832850.605592992156744 ], [ 390456.701312075951137, 5832872.051040777005255 ], [ 390477.313429049681872, 5832883.25735227484256 ], [ 390530.841827423137147, 5832905.935443261638284 ], [ 390564.413096223957837, 5832920.294522225856781 ], [ 390559.198614589986391, 5832950.991608547046781 ], [ 390554.440097367973067, 5832979.380177960731089 ], [ 390503.702509239432402, 5833003.445411392487586 ], [ 390512.741523157223128, 5833010.772584141232073 ], [ 390511.877229246136267, 5833017.888525161892176 ], [ 390509.232771824579686, 5833026.038318094797432 ], [ 390503.964679325465113, 5833032.938209994696081 ], [ 390497.628570077707991, 5833046.757940887473524 ], [ 390496.649078476999421, 5833053.076137462630868 ], [ 390502.298964745074045, 5833050.468647544272244 ], [ 390510.956049641710706, 5833043.004204701632261 ], [ 390517.912105484749191, 5833045.971403025090694 ], [ 390520.14646154968068, 5833053.02828929014504 ], [ 390520.830030108976644, 5833057.414932663552463 ], [ 390522.296103107044473, 5833060.886730174534023 ], [ 390524.628374481981155, 5833057.342542949132621 ], [ 390527.294809235201683, 5833055.591852571815252 ], [ 390532.573447705595754, 5833054.491325898095965 ], [ 390536.742154626175761, 5833058.111600944772363 ], [ 390542.856643670122139, 5833058.895002258010209 ], [ 390549.142467056459282, 5833058.175250479020178 ], [ 390555.797632402740419, 5833055.848579479381442 ], [ 390559.359864279977046, 5833053.880831899121404 ], [ 390562.107202968967613, 5833051.128674652427435 ], [ 390564.358570007723756, 5833048.585954797454178 ], [ 390566.62898928928189, 5833047.042796986177564 ], [ 390570.5967624502955, 5833045.367298164404929 ], [ 390573.910566023085266, 5833046.104083104990423 ], [ 390578.346752833866049, 5833048.019387536682189 ], [ 390585.289606756297871, 5833060.786102717742324 ], [ 390588.375939634686802, 5833065.326937993988395 ], [ 390592.21531384071568, 5833072.653211739845574 ], [ 390593.656618666718714, 5833074.825578113086522 ], [ 390596.699131303525064, 5833077.067420719191432 ], [ 390599.605488125467673, 5833077.41200059838593 ], [ 390602.347110682865605, 5833074.359974869526923 ], [ 390604.1548314379761, 5833069.525882651098073 ], [ 390606.508944319852162, 5833061.881587092764676 ], [ 390608.014890746795572, 5833056.953253748826683 ], [ 390610.669893560465425, 5833054.602826533839107 ], [ 390615.047017973149195, 5833053.419488796032965 ], [ 390621.874537126743235, 5833054.889248420484364 ], [ 390628.102317741082516, 5833056.370437949895859 ], [ 390632.940234772686381, 5833058.378078271634877 ], [ 390637.355463434825651, 5833059.193864283151925 ], [ 390640.316050904686563, 5833057.137590787373483 ], [ 390640.270325494522694, 5833054.738642327487469 ], [ 390637.906550659216009, 5833051.383946795016527 ], [ 390634.260489641572349, 5833048.953621786087751 ], [ 390632.796322425710969, 5833045.581781273707747 ], [ 390633.129465236677788, 5833042.075694750994444 ], [ 390635.429347332101315, 5833036.832253290340304 ], [ 390637.382750043529086, 5833034.395205057226121 ], [ 390639.130524298059754, 5833031.662098255008459 ], [ 390641.57227769959718, 5833028.615788015536964 ], [ 390645.82086714997422, 5833025.935012814588845 ], [ 390649.936226413818076, 5833026.756514070555568 ], [ 390653.755526884575374, 5833027.783642636612058 ], [ 390658.314531685609836, 5833030.89651610609144 ], [ 390660.801125265890732, 5833035.448780787177384 ], [ 390661.603701962856576, 5833040.833079669624567 ], [ 390661.881728861539159, 5833044.927473127841949 ], [ 390662.834682645043358, 5833047.70910129044205 ], [ 390665.350739477900788, 5833048.561082165688276 ], [ 390667.52691742911702, 5833047.319698221981525 ], [ 390668.991969291702844, 5833045.491912135854363 ], [ 390670.520778332778718, 5833041.763053664937615 ], [ 390672.703556835243944, 5833035.621912007220089 ], [ 390674.756915752775967, 5833033.182958986610174 ], [ 390676.938809353974648, 5833032.241443672217429 ], [ 390680.029836539528333, 5833031.782564376480877 ], [ 390682.864814589149319, 5833033.628392113372684 ], [ 390684.936340714571998, 5833037.388627073727548 ], [ 390687.706676727510057, 5833046.335153207182884 ], [ 390689.714445795980282, 5833051.996460393071175 ], [ 390691.740246648725588, 5833053.35774702206254 ], [ 390696.157379823271185, 5833054.273489146493375 ], [ 390697.543432630191091, 5833053.547126052901149 ], [ 390699.500645373947918, 5833051.309990420006216 ], [ 390701.453027264680713, 5833043.573360319249332 ], [ 390703.09512912388891, 5833040.542290333658457 ], [ 390705.823414655344095, 5833036.790572305209935 ], [ 390707.694007604615763, 5833035.255034970119596 ], [ 390709.670272587623913, 5833034.017461175099015 ], [ 390711.754114823357668, 5833033.177807084284723 ], [ 390714.947003319452051, 5833032.816978997550905 ], [ 390717.253620916220825, 5833033.172988983802497 ], [ 390719.371757059707306, 5833034.132545948959887 ], [ 390722.919765993894543, 5833036.664731773547828 ], [ 390724.559077652229462, 5833038.733331497758627 ], [ 390725.58912494929973, 5833040.313580296933651 ], [ 390726.540173308225349, 5833042.995251919142902 ], [ 390726.327944393735379, 5833047.598950581625104 ], [ 390726.152799536997918, 5833048.902190738357604 ], [ 390724.101346208946779, 5833051.441099724732339 ], [ 390720.556262895057444, 5833054.308452112600207 ], [ 390719.104547840601299, 5833056.835931200534105 ], [ 390718.827541403356008, 5833058.041120201349258 ], [ 390722.694471866008826, 5833061.567152547650039 ], [ 390727.23632900317898, 5833063.780419707298279 ], [ 390735.297616680676583, 5833067.026529860682786 ], [ 390740.156489849439822, 5833070.133687398396432 ], [ 390742.682072336319834, 5833071.485448822379112 ], [ 390744.994405468052719, 5833072.141327078454196 ], [ 390748.713748682988808, 5833073.170360043644905 ], [ 390752.085592052317224, 5833071.706203941255808 ], [ 390759.311913510551676, 5833067.868761384859681 ], [ 390761.901252912182827, 5833067.319450737908483 ], [ 390763.610037273145281, 5833067.786846634931862 ], [ 390766.03756845172029, 5833069.24046915397048 ], [ 390772.53194238076685, 5833074.216313522309065 ], [ 390779.943070566514507, 5833080.074618180282414 ], [ 390784.226973065873608, 5833084.492635270580649 ], [ 390789.020183511194773, 5833089.400908051989973 ], [ 390794.106526392279193, 5833088.704016202129424 ], [ 390797.743944218731485, 5833085.434934404678643 ], [ 390800.318041487946175, 5833084.085974495857954 ], [ 390802.905475352657959, 5833083.436707654036582 ], [ 390806.12694146647118, 5833084.575221532955766 ], [ 390808.998118139395956, 5833088.320215267129242 ], [ 390808.49935729050776, 5833093.629321166314185 ], [ 390805.009526815614663, 5833099.395401701331139 ], [ 390804.861055421060883, 5833102.098027750849724 ], [ 390805.417994228948373, 5833105.087187237106264 ], [ 390807.718895606929436, 5833105.143328339792788 ], [ 390809.98740798200015, 5833103.500214907340705 ], [ 390812.615735849773046, 5833099.750402374193072 ], [ 390815.489702025079168, 5833098.395727426744998 ], [ 390817.294632052769884, 5833098.661305857822299 ], [ 390819.529871206381358, 5833100.518562631681561 ], [ 390822.499099021893926, 5833104.161695003509521 ], [ 390823.155994163476862, 5833107.148949370719492 ], [ 390824.008991551003419, 5833109.932481433264911 ], [ 390825.667355454526842, 5833113.000641891732812 ], [ 390828.508048415998928, 5833115.146336967125535 ], [ 390831.908469472196884, 5833115.181522968225181 ], [ 390836.56831302435603, 5833113.092864907346666 ], [ 390841.01871766441036, 5833110.508236185647547 ], [ 390845.697613482188899, 5833109.41913962457329 ], [ 390849.605437034857459, 5833109.844625209458172 ], [ 390852.821187098277733, 5833110.683270365931094 ], [ 390855.959843623219058, 5833112.723294180817902 ], [ 390857.401147588388994, 5833114.895659176632762 ], [ 390860.872062143927906, 5833118.629222270101309 ], [ 390868.652530651655979, 5833122.880606873892248 ], [ 390872.28334782354068, 5833124.511280961334705 ], [ 390878.351221786055248, 5833128.095357545651495 ], [ 390882.702690852223895, 5833130.812213968485594 ], [ 390885.456763808382675, 5833133.659506601281464 ], [ 390888.504990030720364, 5833136.201215780340135 ], [ 390891.436112740251701, 5833137.845224753953516 ], [ 390895.430555472790729, 5833137.569112133234739 ], [ 390902.858691467961762, 5833133.827815839089453 ], [ 390913.587291332834866, 5833130.12361054494977 ], [ 390922.249197208439, 5833128.158664675429463 ], [ 390928.853935405786615, 5833128.432758715003729 ], [ 390932.580897845851723, 5833129.861615291796625 ], [ 390935.627218416426331, 5833132.303368112072349 ], [ 390938.679254695656709, 5833135.044989258982241 ], [ 390940.149137052008882, 5833138.716695598326623 ], [ 390941.115427361277398, 5833142.198014722205698 ], [ 390940.970766749524046, 5833145.100552227348089 ], [ 390940.172137773188297, 5833150.415371700190008 ], [ 390939.220205696008634, 5833152.933324827812612 ], [ 390938.392998134309892, 5833156.748802524991333 ], [ 390941.741092998534441, 5833159.28479621373117 ], [ 390951.09902002371382, 5833167.605804990045726 ], [ 390960.255129092605785, 5833175.830667341127992 ], [ 390962.477030942565762, 5833176.988230348564684 ], [ 390984.044730602297932, 5833175.377273286692798 ], [ 390991.158775478892494, 5833176.141622071154416 ], [ 390996.069971074408386, 5833176.747968987561762 ], [ 390999.800743484753184, 5833178.376737172715366 ], [ 391000.853653490543365, 5833181.156457995995879 ], [ 391000.610942100698594, 5833184.160856258124113 ], [ 390998.276769406162202, 5833187.605084366165102 ], [ 390995.218134328431915, 5833189.763218245469034 ], [ 390982.561927796399686, 5833202.503479700535536 ], [ 390982.805661282502115, 5833204.798660204745829 ], [ 390987.939632701221853, 5833206.600670097395778 ], [ 390995.782833499484695, 5833203.65140220336616 ], [ 391001.67644477635622, 5833203.339093629270792 ], [ 391005.18253630300751, 5833203.672242248430848 ], [ 391007.927082515030634, 5833206.019753156229854 ], [ 391008.864794322580565, 5833208.001730043441057 ], [ 391008.998162308358587, 5833214.998657398857176 ], [ 391004.62778117088601, 5833221.781442648731172 ], [ 390992.237150098662823, 5833232.716779679059982 ], [ 390991.379459141055122, 5833234.93295933585614 ], [ 390992.315265859011561, 5833236.814980132505298 ], [ 391005.302986601833254, 5833241.467080411501229 ], [ 391011.422301439451985, 5833247.749969217926264 ], [ 391017.940559041919187, 5833259.224860104732215 ], [ 391023.585883962339722, 5833272.11628142837435 ], [ 391023.585001773550175, 5833277.315903746522963 ], [ 391026.511431256716605, 5833283.959621419198811 ], [ 391034.635587981319986, 5833290.50427682697773 ], [ 391044.130695028463379, 5833306.0221202140674 ], [ 391044.475408812286332, 5833313.614973488263786 ], [ 391038.753131711855531, 5833312.424131880514324 ], [ 391030.235888923460152, 5833311.486543744802475 ], [ 391020.611505584791303, 5833310.170086670666933 ], [ 391018.563865946722217, 5833312.908907406032085 ], [ 391022.153789720672648, 5833317.640123652294278 ], [ 391026.080664384469856, 5833319.065168303437531 ], [ 391034.240879976714496, 5833317.009788481518626 ], [ 391040.68952511617681, 5833319.586680075153708 ], [ 391038.317248115781695, 5833321.031786602921784 ], [ 391030.291284008824732, 5833324.884471229277551 ], [ 391029.179451534640975, 5833329.505312425084412 ], [ 391030.441801410168409, 5833332.781003114767373 ], [ 391041.811168296611868, 5833336.4640201497823 ], [ 391049.947638573183212, 5833338.408788960427046 ], [ 391053.051117885741405, 5833343.849222613498569 ], [ 391052.204859354358632, 5833346.665138755925 ], [ 391049.757394974411, 5833349.411579684354365 ], [ 391046.910105449787807, 5833352.165640864521265 ], [ 391040.675733856158331, 5833355.584210557863116 ], [ 391038.264469978457782, 5833360.229817464947701 ], [ 391034.07495112583274, 5833366.009232547134161 ], [ 391032.440474130329676, 5833369.440125912427902 ], [ 391031.794128303066827, 5833372.252232105471194 ], [ 391033.21828518982511, 5833373.524990558624268 ], [ 391035.932347371883225, 5833374.273202730342746 ], [ 391045.908923274604604, 5833373.083135770633817 ], [ 391049.33982701075729, 5833374.717617363668978 ], [ 391050.119543374690693, 5833378.902437944896519 ], [ 391050.904975662182551, 5833383.387126797810197 ], [ 391056.824379157973453, 5833389.673823208548129 ], [ 391063.56820178439375, 5833397.244708141312003 ], [ 391069.014498071104754, 5833404.940314806066453 ], [ 391075.34515849937452, 5833411.819126955233514 ], [ 391083.999582237564027, 5833419.953551458194852 ], [ 391092.012351555633359, 5833425.900372188538313 ], [ 391100.509659684845246, 5833431.038018677383661 ], [ 391094.801745294127613, 5833435.84644887689501 ], [ 391085.766694162157364, 5833439.218405335210264 ], [ 391084.896692417154554, 5833446.034470019862056 ], [ 391088.569425428635441, 5833449.86417468264699 ], [ 391090.6142783795367, 5833452.225019224919379 ], [ 391091.044588458491489, 5833453.816696293652058 ], [ 391089.917515022330917, 5833457.63788849581033 ], [ 391081.33197273866972, 5833474.100282803177834 ], [ 391073.335616319789551, 5833484.751888921484351 ], [ 391067.931381610396784, 5833489.754516990855336 ], [ 391060.733649778878316, 5833495.091305004432797 ], [ 391055.891046266828198, 5833498.083380940370262 ], [ 391054.754446508770343, 5833501.404793075285852 ], [ 391058.173918678308837, 5833502.439537120051682 ], [ 391064.898543567629531, 5833498.51165967527777 ], [ 391069.781158713041805, 5833497.618661693297327 ], [ 391072.231553105346393, 5833500.271754038520157 ], [ 391075.230387866438832, 5833510.713800965808332 ], [ 391077.779859244939871, 5833518.564609818160534 ], [ 391082.346483447006904, 5833522.077299867756665 ], [ 391087.258704324543942, 5833527.983220640569925 ], [ 391089.249329325684812, 5833532.744915999472141 ], [ 391088.804802523402032, 5833535.653167967684567 ], [ 391085.557689397770446, 5833538.414850445464253 ], [ 391080.855933794053271, 5833538.304477761499584 ], [ 391077.44408307899721, 5833537.669558390043676 ], [ 391073.094519219768699, 5833535.052663075737655 ], [ 391069.386610261688475, 5833534.623371133580804 ], [ 391069.755071001301985, 5833538.216075098142028 ], [ 391071.328723110607825, 5833542.085786171257496 ], [ 391070.57099018979352, 5833544.300060923211277 ], [ 391068.527162984246388, 5833547.238794581033289 ], [ 391066.454755781043787, 5833548.678186902776361 ], [ 391060.691587520006578, 5833550.587892234325409 ], [ 391056.122178566874936, 5833552.174868150614202 ], [ 391056.16790659900289, 5833554.573814386501908 ], [ 391062.425287986639887, 5833562.853915045969188 ], [ 391065.922000376740471, 5833573.186480175703764 ], [ 391061.146962995699141, 5833574.477398229762912 ], [ 391041.418495078629348, 5833578.153159897774458 ], [ 391041.14076023484813, 5833595.057170785963535 ], [ 391039.709130053292029, 5833603.883789004758 ], [ 391040.242329502070788, 5833610.873095306567848 ], [ 391055.337633748538792, 5833610.68537958804518 ], [ 391050.430100333411247, 5833599.779749471694231 ], [ 391069.795822382089682, 5833592.811151302419603 ], [ 391075.057303577894345, 5833590.811014926061034 ], [ 391078.326402134203818, 5833594.448426764458418 ], [ 391082.768301167350728, 5833596.663592028431594 ], [ 391089.00472407246707, 5833603.844174694269896 ], [ 391090.088122041197494, 5833608.223191357217729 ], [ 391089.339916231867392, 5833610.937246552668512 ], [ 391087.773006771982182, 5833612.666981793940067 ], [ 391085.696789201581851, 5833613.906462177634239 ], [ 391081.491004281386267, 5833613.586652530357242 ], [ 391075.544044961337931, 5833611.100195826031268 ], [ 391069.987383935251273, 5833608.106338170357049 ], [ 391067.945462509524077, 5833611.145028203725815 ], [ 391066.537575048278086, 5833615.971497219055891 ], [ 391069.079426965035964, 5833623.422481268644333 ], [ 391072.993991941504646, 5833629.447408373467624 ], [ 391075.213110969518311, 5833635.704634533263743 ], [ 391078.053804476978257, 5833637.850325198844075 ], [ 391081.676999986404553, 5833639.08117011655122 ], [ 391091.188088796043303, 5833639.699832648038864 ], [ 391094.836053787264973, 5833642.230106608942151 ], [ 391095.464371735579334, 5833643.718017162755132 ], [ 391095.517721682146657, 5833646.516787515953183 ], [ 391093.189269344671629, 5833650.260885505005717 ], [ 391089.707948032882996, 5833651.227169466204941 ], [ 391081.907547988870647, 5833651.175856653600931 ], [ 391084.455994126561563, 5833653.727086900733411 ], [ 391085.737399797246326, 5833658.002337161451578 ], [ 391083.599333252874203, 5833661.242844607681036 ], [ 391080.74442456086399, 5833663.597083157859743 ], [ 391080.232333479041699, 5833668.20649391040206 ], [ 391078.771247072145343, 5833680.733391968533397 ], [ 391080.489557380962651, 5833681.700565690174699 ], [ 391082.544815782341175, 5833679.361568036489189 ], [ 391084.671450021443889, 5833675.521323981694877 ], [ 391087.237921968568116, 5833673.77253726683557 ], [ 391089.64258859551046, 5833674.026682522147894 ], [ 391092.862148274958599, 5833675.065235453657806 ], [ 391096.811887621879578, 5833677.689749831333756 ], [ 391102.157203979208134, 5833680.087680230848491 ], [ 391104.400065245223232, 5833682.344757336191833 ], [ 391104.941764590330422, 5833684.534265507012606 ], [ 391103.449164731020574, 5833690.16228814329952 ], [ 391094.507478888845071, 5833698.432097646407783 ], [ 391086.594813344767317, 5833702.982575844973326 ], [ 391078.288038693543058, 5833707.840542987920344 ], [ 391075.369375986570958, 5833712.095852662809193 ], [ 391086.855849055049475, 5833716.676559584215283 ], [ 391093.645254038157873, 5833716.14718612190336 ], [ 391106.219661856128369, 5833709.608000963926315 ], [ 391117.876437570201233, 5833707.3859788691625 ], [ 391120.092623703239951, 5833708.243670667521656 ], [ 391126.521338801947422, 5833715.020616651512682 ], [ 391127.661898927181028, 5833722.398314993828535 ], [ 391125.448646694479976, 5833726.940156580880284 ], [ 391123.993126360001042, 5833729.267723409458995 ], [ 391119.508432144357357, 5833730.053147120401263 ], [ 391111.436744572245516, 5833731.50689226668328 ], [ 391111.246358913194854, 5833732.01048294454813 ], [ 391113.608230405661743, 5833735.26521541364491 ], [ 391117.872205019462854, 5833743.883283602073789 ], [ 391125.002519910922274, 5833750.74684920348227 ], [ 391130.509793587320019, 5833761.641045060940087 ], [ 391135.159226842341013, 5833764.252222465351224 ], [ 391138.945256008242723, 5833768.779711527749896 ], [ 391145.178899105754681, 5833781.059955817647278 ], [ 391142.426006372785196, 5833794.011443708091974 ], [ 391143.079094806802459, 5833796.798782849684358 ], [ 391148.779382822453044, 5833791.590524403378367 ], [ 391152.264514019887429, 5833790.824151643551886 ], [ 391155.599272769759409, 5833792.660447022877634 ], [ 391158.543011004512664, 5833810.702961718663573 ], [ 391157.366554545063991, 5833822.424494055099785 ], [ 391156.286243853101041, 5833833.94420915003866 ], [ 391158.292990492249373, 5833834.305930239148438 ], [ 391169.773591748205945, 5833828.087567703798413 ], [ 391174.176353152026422, 5833823.00403227750212 ], [ 391191.73523105744971, 5833815.669895118102431 ], [ 391196.125684168888256, 5833815.186244032345712 ], [ 391200.973123991629109, 5833817.693654145114124 ], [ 391201.710049832938239, 5833824.879059543833137 ], [ 391204.174658731441014, 5833823.032221535220742 ], [ 391203.658604731957894, 5833816.942522516474128 ], [ 391203.039813359209802, 5833815.954392853192985 ], [ 391200.579891011759173, 5833812.801522650755942 ], [ 391199.283241129131056, 5833807.72662541270256 ], [ 391201.125247983669396, 5833804.691745679825544 ], [ 391209.991743071528617, 5833797.723269931972027 ], [ 391216.896345034125261, 5833797.991638706065714 ], [ 391217.615092581778299, 5833798.977863213978708 ], [ 391219.778956788592041, 5833802.336360944435 ], [ 391221.200332849519327, 5833808.708781546913087 ], [ 391220.251340241578873, 5833816.626266676932573 ], [ 391218.708326543914154, 5833824.855050957761705 ], [ 391220.001165758643765, 5833829.730035820044577 ], [ 391224.80581102008, 5833835.238032459281385 ], [ 391223.276135486899875, 5833844.166509105823934 ], [ 391220.181302997050807, 5833844.425481226295233 ], [ 391215.952654692460783, 5833842.90620110463351 ], [ 391212.268487214168999, 5833838.476764314807951 ], [ 391208.12455189449247, 5833836.155930479057133 ], [ 391203.824528201133944, 5833836.137896296568215 ], [ 391199.822467784630135, 5833836.014190570451319 ], [ 391190.530348046333529, 5833836.391282566823065 ], [ 391182.845149605185725, 5833837.137716272845864 ], [ 391177.698870562191587, 5833839.93559836409986 ], [ 391170.163168497907463, 5833843.278984729200602 ], [ 391172.215644671290647, 5833846.0396513575688 ], [ 391186.427610275917687, 5833851.968299435451627 ], [ 391187.129209388396703, 5833852.054919354617596 ], [ 391194.741127088258509, 5833852.70977543015033 ], [ 391202.384406428318471, 5833849.764308165758848 ], [ 391206.16750033228891, 5833848.892263505607843 ], [ 391210.946345779346302, 5833847.80125511996448 ], [ 391217.752896898891777, 5833848.171484360471368 ], [ 391223.388554090284742, 5833850.063916371203959 ], [ 391224.064507545263041, 5833854.050727599300444 ], [ 391221.908419336890802, 5833861.591250536963344 ], [ 391218.24814670055639, 5833863.660862785764039 ], [ 391213.248429472092539, 5833863.656165018677711 ], [ 391207.673744998639449, 5833864.962327010929585 ], [ 391203.884934931993484, 5833865.534503621049225 ], [ 391188.968590072239749, 5833864.618900649249554 ], [ 391187.096097101224586, 5833866.054483691230416 ], [ 391191.94266218499979, 5833873.761513710021973 ], [ 391193.459154482930899, 5833874.632540743798018 ], [ 391205.183646113029681, 5833881.208553249947727 ], [ 391209.025807572121266, 5833883.435146144591272 ], [ 391210.13104241451947, 5833883.714057445526123 ], [ 391214.644316355872434, 5833884.427973246201873 ], [ 391216.506407110253349, 5833887.692230046726763 ], [ 391217.484135038219392, 5833891.773281820118427 ], [ 391217.664118528307881, 5833895.969531016424298 ], [ 391216.020119456690736, 5833898.900644598528743 ], [ 391211.546859164547641, 5833900.285806154832244 ], [ 391207.637133416952565, 5833899.760371580719948 ], [ 391201.592123769572936, 5833897.375780508853495 ], [ 391198.261175838881172, 5833895.739398196339607 ], [ 391196.715227512351703, 5833898.568650665692985 ], [ 391193.749962929345202, 5833905.62463534809649 ], [ 391194.708636943309102, 5833908.706126676872373 ], [ 391198.637416981975548, 5833910.231121792457998 ], [ 391202.879403607570566, 5833912.450093766674399 ], [ 391204.314993850945029, 5833914.322586419060826 ], [ 391206.70925815141527, 5833919.276570282876492 ], [ 391206.975860228063539, 5833922.771221976727247 ], [ 391202.853040477668401, 5833932.049102127552032 ], [ 391203.300500933546573, 5833934.540382886305451 ], [ 391207.138851830677595, 5833936.56706322543323 ], [ 391210.615329507156275, 5833930.101288994774222 ], [ 391211.623388021776918, 5833925.282441252842546 ], [ 391214.27266554813832, 5833922.632143933326006 ], [ 391216.952429744589608, 5833921.581143548712134 ], [ 391224.58721191866789, 5833923.435471083037555 ], [ 391226.918597383366432, 5833925.090904894284904 ], [ 391228.167613046593033, 5833927.666900145821273 ], [ 391227.042449592787307, 5833931.588048413395882 ], [ 391223.729681557568256, 5833936.150847021490335 ], [ 391205.49882073351182, 5833950.197285668924451 ], [ 391201.496917484037112, 5833960.572777561843395 ], [ 391200.715447802911513, 5833966.787199943326414 ], [ 391208.695829472795594, 5833971.034756621345878 ], [ 391212.96068142686272, 5833974.453200672753155 ], [ 391217.245461551763583, 5833973.671585113741457 ], [ 391223.059040513529908, 5833969.161112513393164 ], [ 391229.523803360643797, 5833967.33802233915776 ], [ 391231.937996335444041, 5833968.091946243308485 ], [ 391234.169425686472096, 5833969.749284986406565 ], [ 391235.61454318719916, 5833972.121557593345642 ], [ 391234.494222580455244, 5833981.542193970642984 ], [ 391231.945933452108875, 5833989.490162310190499 ], [ 391232.883648186165374, 5833991.472136624157429 ], [ 391241.79324877099134, 5834002.501462454907596 ], [ 391243.230744672648143, 5834004.473910719156265 ], [ 391262.529044325288851, 5834009.705651609227061 ], [ 391267.176571895426605, 5834012.216869701631367 ], [ 391272.009800365951378, 5834019.224204517900944 ], [ 391270.373424122459255, 5834022.555142370052636 ], [ 391267.399508223112207, 5834023.911726961843669 ], [ 391256.57097039220389, 5834027.617855471558869 ], [ 391259.774412607424892, 5834033.056376790627837 ], [ 391263.934624170593452, 5834041.476432564668357 ], [ 391265.804337603738531, 5834045.140512559562922 ], [ 391264.116355345235206, 5834035.273442128673196 ], [ 391265.299554267898202, 5834029.151355728507042 ], [ 391272.083239184517879, 5834028.322109711356461 ], [ 391278.470909986295737, 5834027.700396608561277 ], [ 391283.884821430547163, 5834033.696739460341632 ], [ 391287.974531313870102, 5834038.418421294540167 ], [ 391276.212249530362897, 5834050.841682964935899 ], [ 391273.662929450918455, 5834053.490075456909835 ], [ 391271.703819450631272, 5834055.627256515435874 ], [ 391276.773164514510427, 5834064.529945198446512 ], [ 391281.113201756612398, 5834066.647054117172956 ], [ 391284.140469997539185, 5834068.089238442480564 ], [ 391286.865964124910533, 5834069.43718233704567 ], [ 391290.098861109814607, 5834071.175424321554601 ], [ 391292.456923014484346, 5834074.230241689831018 ], [ 391294.505589024280198, 5834076.79099447093904 ], [ 391294.916846589534543, 5834077.383109854534268 ], [ 391296.992188941454515, 5834081.343247143551707 ], [ 391294.569501754129305, 5834085.389119015075266 ], [ 391293.287220065947622, 5834086.313491144217551 ], [ 391290.430409860564396, 5834088.567775219678879 ], [ 391289.836388938361779, 5834088.879074626602232 ], [ 391286.572132038476411, 5834090.741155435331166 ], [ 391287.347171296773013, 5834099.925679845735431 ], [ 391288.999823542137165, 5834102.693965489044785 ], [ 391291.630205536494032, 5834109.543301759287715 ], [ 391301.249028386897407, 5834121.059067513793707 ], [ 391303.453781408024952, 5834121.317020749673247 ], [ 391308.165061500389129, 5834121.92716758698225 ], [ 391315.680831728677731, 5834122.783836300484836 ], [ 391325.569907562457956, 5834127.494970120489597 ], [ 391327.486224609310739, 5834128.358375170268118 ], [ 391332.792558615445159, 5834133.956797292456031 ], [ 391336.872741682513151, 5834138.178697581402957 ], [ 391339.491691070375964, 5834144.42829676065594 ], [ 391340.12191574316239, 5834146.016161856241524 ], [ 391340.752140422700904, 5834147.604026949964464 ], [ 391341.23961675458122, 5834152.194383339956403 ], [ 391340.557072572177276, 5834153.107324192300439 ], [ 391338.520872846362181, 5834156.445882938802242 ], [ 391335.902085164329037, 5834160.695477358065546 ], [ 391340.566052555688657, 5834179.805109904147685 ], [ 391344.307386412518099, 5834187.233223529532552 ], [ 391356.541349034640007, 5834204.798672880977392 ], [ 391370.857406178489327, 5834231.92369972448796 ], [ 391380.468772228457965, 5834253.538829353637993 ], [ 391382.488150290912017, 5834270.299051255919039 ], [ 391382.828034256352112, 5834272.392411882989109 ], [ 391386.37413820438087, 5834274.824628433212638 ], [ 391411.12793770810822, 5834267.253343158401549 ], [ 391429.707318822736852, 5834260.999656363390386 ], [ 391432.704098574817181, 5834260.842542810365558 ], [ 391450.786638244055212, 5834259.997912273742259 ], [ 391470.766438678489067, 5834259.017126031219959 ], [ 391488.879464378231205, 5834259.771791555918753 ], [ 391497.948797898890916, 5834258.199029792100191 ], [ 391510.133921401924454, 5834257.466809247620404 ], [ 391539.193072283756919, 5834286.910608262754977 ], [ 391541.483736529364251, 5834302.165768685750663 ], [ 391553.034118011884857, 5834315.344575802795589 ], [ 391556.487016534782015, 5834323.378136555664241 ], [ 391571.543484999681823, 5834336.890082247555256 ], [ 391579.227804701658897, 5834341.343256784603 ], [ 391593.882376350695267, 5834344.263678686693311 ], [ 391605.833451430196874, 5834352.235246445983648 ], [ 391607.730712331191171, 5834352.099090329371393 ], [ 391608.428499706962612, 5834351.985797464847565 ], [ 391617.1151550632203, 5834351.320259062573314 ], [ 391614.548357098887209, 5834332.070673215202987 ], [ 391679.114336111699231, 5834272.844459934160113 ], [ 391707.613801269675605, 5834246.703213736414909 ], [ 391734.802403814159334, 5834219.987003249116242 ], [ 391776.81379804504104, 5834178.789362717419863 ], [ 391786.045799466432072, 5834170.014060726389289 ], [ 391803.53120152617339, 5834153.582025264389813 ], [ 391815.908444272703491, 5834141.946991163305938 ], [ 391821.014697962324135, 5834137.050035119988024 ], [ 391823.86388209706638, 5834134.395929624326527 ], [ 391864.7272492821794, 5834095.919977053068578 ], [ 391869.541256467578933, 5834091.428561330772936 ], [ 391968.159368652442936, 5833998.355953272432089 ], [ 392011.45025863382034, 5833961.333638519048691 ], [ 392068.565562940435484, 5833925.647710222750902 ], [ 392165.237323789915536, 5833861.610003131441772 ], [ 392191.503603474586271, 5833844.210691986605525 ], [ 392201.895936353888828, 5833828.113860948011279 ], [ 392210.832753754279111, 5833814.344592257402837 ], [ 392228.702578518423252, 5833786.606144798919559 ], [ 392250.754283212358132, 5833752.688472650013864 ], [ 392268.426103578181937, 5833725.05379606038332 ], [ 392274.255789357528556, 5833716.143375241197646 ], [ 392276.199653090210631, 5833713.206553623080254 ], [ 392287.559458087431267, 5833716.389771921560168 ], [ 392315.29972872370854, 5833723.86042124312371 ], [ 392329.675359105167445, 5833727.886087339371443 ], [ 392364.050825630780309, 5833737.230112507939339 ], [ 392576.339022490079515, 5833795.179040166549385 ], [ 392662.085278124955948, 5833682.553540762513876 ], [ 392664.340439796913415, 5833680.210740841925144 ], [ 392717.810223688720725, 5833684.091236404143274 ], [ 392739.032074972172268, 5833669.587877441197634 ], [ 392738.547525874804705, 5833602.202476386912167 ], [ 392710.422119430906605, 5833553.542444141581655 ], [ 392703.921032560116146, 5833542.967201448045671 ], [ 392715.153021388163324, 5833528.954224682413042 ], [ 392757.999053285457194, 5833473.841932551935315 ], [ 392797.92160008783685, 5833417.48547322396189 ], [ 392818.201794967288151, 5833390.301089143380523 ], [ 392838.061209291918203, 5833362.024814877659082 ], [ 392854.513623979582917, 5833338.613093450665474 ], [ 392874.852001720806584, 5833319.726944230496883 ], [ 392885.206371497246437, 5833312.130193073302507 ], [ 393028.890833592391573, 5833196.500790785066783 ], [ 393136.47158862662036, 5833106.757509175688028 ], [ 393196.613779040111694, 5833051.515655227936804 ], [ 393250.838642719318159, 5833000.586249989457428 ], [ 393317.731073797738645, 5832937.51639958191663 ], [ 393346.219069232582115, 5832910.775594466365874 ], [ 393372.93643945857184, 5832885.568415599875152 ], [ 393374.870020318834577, 5832897.830569385550916 ], [ 393529.418550659902394, 5833042.673171004280448 ], [ 393566.173160572419874, 5833077.16982629802078 ], [ 393572.790303494373802, 5833083.343201564624906 ], [ 393599.566362521436531, 5833108.430808028206229 ], [ 393771.739290463039652, 5833097.250110832974315 ], [ 393943.912141405162401, 5833086.069421450607479 ], [ 394049.281301616108976, 5833147.8559958236292 ], [ 394038.485298393527046, 5833231.95483651664108 ], [ 394028.485004812537227, 5833305.339397696778178 ], [ 394004.867578312114347, 5833493.174088351428509 ], [ 393998.879473712062463, 5833540.984290434978902 ], [ 394008.3419749669265, 5833612.498037235811353 ], [ 394006.546586567594204, 5833612.732240024954081 ], [ 394010.192033662344329, 5833641.360396264120936 ], [ 394010.900370071933139, 5833647.046426302753389 ], [ 394014.514307140256278, 5833668.775750829838216 ], [ 394027.08394815120846, 5833735.430666823871434 ], [ 394033.840937413508072, 5833801.396434032358229 ], [ 394037.733789365272969, 5833822.02053090557456 ], [ 394039.975756993284449, 5833829.477181032299995 ], [ 394047.606976065260824, 5833852.12985088955611 ], [ 394059.57979923253879, 5833856.001310272142291 ], [ 394078.996961980476044, 5833862.230673628859222 ], [ 394103.223418847774155, 5833868.968321349471807 ], [ 394132.889387735631317, 5833877.802108939737082 ], [ 394139.249459447106346, 5833880.98061265796423 ], [ 394162.954300472163595, 5833891.827861549332738 ], [ 394185.960327822365798, 5833897.488858908414841 ], [ 394206.154263689881191, 5833902.503512526862323 ], [ 394216.493498329073191, 5833904.60625462885946 ], [ 394221.012452479277272, 5833905.62003153283149 ], [ 394229.444911835424136, 5833907.35915008187294 ], [ 394232.253191074647475, 5833907.805582383647561 ], [ 394244.889494703151286, 5833909.764549962244928 ], [ 394259.044183239573613, 5833912.694493853487074 ], [ 394304.871557756559923, 5833924.8199368910864 ], [ 394375.189031591813546, 5833941.778149591758847 ], [ 394392.7108376067481, 5833948.243614023551345 ], [ 394415.388404766563326, 5833952.410990744829178 ], [ 394441.099804338475224, 5833953.120824414305389 ], [ 394483.28166831942508, 5834188.397146084345877 ], [ 394520.437840699683875, 5834396.071533612906933 ], [ 394569.769349635753315, 5834408.430102688260376 ], [ 394576.751849774213042, 5834402.297508619725704 ], [ 394573.203373889962677, 5834368.267995730042458 ], [ 394652.077826893422753, 5834377.763634324073792 ], [ 394660.873356386320665, 5834403.793787182308733 ], [ 394681.44128665496828, 5834402.20183693151921 ], [ 394689.436138466000557, 5834422.947693733498454 ], [ 394797.807610594085418, 5834416.682344696484506 ], [ 394815.255089583108202, 5834419.249529326334596 ], [ 394829.61919806629885, 5834422.675419540144503 ], [ 394866.737070204049814, 5834434.266868867911398 ], [ 394878.523300377826672, 5834438.841803391464055 ], [ 394902.157605096756015, 5834445.990661377087235 ], [ 394910.687231731135398, 5834452.827485166490078 ], [ 394923.784312048344873, 5834457.97738153859973 ], [ 394940.255099019093905, 5834461.763079665601254 ], [ 394944.97586177685298, 5834462.872994106262922 ], [ 394973.430880438885652, 5834471.129858789034188 ], [ 394988.750709209998604, 5834472.237722872756422 ], [ 395000.24556143139489, 5834472.018614625558257 ], [ 395015.521562609064858, 5834470.827508349902928 ], [ 395035.080393936485052, 5834468.754832942970097 ], [ 395057.737836136948317, 5834466.623093786649406 ], [ 395077.487048298993614, 5834464.046832083724439 ], [ 395098.331955789995845, 5834461.249702023342252 ], [ 395136.732773370749783, 5834456.218093052506447 ], [ 395187.499448208720423, 5834449.450901789590716 ], [ 395208.844125820032787, 5834446.644246595911682 ], [ 395223.055780348076951, 5834442.073718214407563 ], [ 395235.277858371613547, 5834438.04107163939625 ], [ 395250.690879578469321, 5834433.547635595314205 ], [ 395256.338615641929209, 5834420.341095930896699 ], [ 395271.640413919289131, 5834425.748938669450581 ], [ 395273.351084660680499, 5834426.316279975697398 ], [ 395276.572515794425271, 5834427.454773128964007 ], [ 395280.945771657279693, 5834426.071523634716868 ], [ 395284.227142642135732, 5834425.10905290953815 ], [ 395282.156381952401716, 5834347.955092529766262 ], [ 395280.965956341009587, 5834316.980420883744955 ], [ 395563.645158781553619, 5834275.195365823805332 ], [ 395575.915897856582887, 5834278.961130239069462 ], [ 395796.899775407859124, 5834237.152193754911423 ], [ 395811.284967182320543, 5834252.176679151132703 ], [ 395820.381036212667823, 5834262.502393598668277 ], [ 395843.913581999600865, 5834280.052286469377577 ], [ 395869.964928407571279, 5834293.35452920012176 ], [ 395904.131683428888209, 5834307.501995424740016 ], [ 395940.102307956665754, 5834316.615508259274065 ], [ 395960.250425149162766, 5834319.231203077360988 ], [ 395966.337280961917713, 5834323.814773922786117 ], [ 395975.444780693738721, 5834334.740213567391038 ], [ 395977.089791500358842, 5834337.108649945817888 ], [ 395980.283669067313895, 5834342.047337946482003 ], [ 395989.724461379984859, 5834359.965817610733211 ], [ 395991.094378367823083, 5834363.639384839683771 ], [ 395999.768959420558531, 5834388.571862121112645 ], [ 396005.569453491829336, 5834404.359919571317732 ], [ 396026.194972868426703, 5834437.263883302919567 ], [ 396063.299724223208614, 5834469.153786804527044 ], [ 396074.879422289377544, 5834478.632219047285616 ], [ 396082.128663693321869, 5834486.493343346752226 ], [ 396092.030957007489633, 5834491.904104647226632 ], [ 396095.044849584111944, 5834492.646585866808891 ], [ 396098.054931152029894, 5834493.18915709014982 ], [ 396100.559521451534238, 5834493.441389785148203 ], [ 396104.042700814490672, 5834492.575064648874104 ], [ 396108.2026988734724, 5834490.49594259262085 ], [ 396109.53641211532522, 5834492.270363652147353 ], [ 396108.837763736839406, 5834497.583220512606204 ], [ 396108.891117614752147, 5834500.381960264407098 ], [ 396110.021110002067871, 5834501.960281896404922 ], [ 396116.075571841618512, 5834504.844613990746439 ], [ 396120.081391738669481, 5834505.168222188018262 ], [ 396122.880130252160598, 5834505.114873959682882 ], [ 396126.48994129023049, 5834505.646013303659856 ], [ 396129.63046552950982, 5834507.785958898253739 ], [ 396136.297126238117926, 5834516.558108433149755 ], [ 396141.359660343034193, 5834519.861313070170581 ], [ 396161.355495745432563, 5834524.979682846926153 ], [ 396180.022632784442976, 5834544.322143482044339 ], [ 396195.169349664822221, 5834557.33226474467665 ], [ 396209.545009602268692, 5834571.856952143833041 ], [ 396254.684086649154779, 5834595.094424577429891 ], [ 396268.16673588991398, 5834604.736558583565056 ], [ 396282.749756703851745, 5834609.158170667476952 ], [ 396292.449363173102029, 5834619.672345361672342 ], [ 396302.02701618114952, 5834623.789402903988957 ], [ 396319.443940101191401, 5834624.757291636429727 ], [ 396334.298071040655486, 5834617.174782985821366 ], [ 396341.372002024960238, 5834615.840046141296625 ], [ 396364.993749094428495, 5834617.089625122956932 ], [ 396374.05828723765444, 5834620.516524117439985 ], [ 396385.696880263800267, 5834622.594470580108464 ], [ 396397.643827456166036, 5834619.866959122009575 ], [ 396402.531220907228999, 5834624.473385405726731 ], [ 396409.517666661296971, 5834629.039799867197871 ], [ 396416.341275216662325, 5834630.309607024304569 ], [ 396433.207838396949228, 5834623.388677824288607 ], [ 396450.379114268755075, 5834621.961458893492818 ], [ 396476.492274094198365, 5834633.262660856358707 ], [ 396493.010634479869623, 5834639.547212082892656 ], [ 396498.175025171251036, 5834642.948462352156639 ], [ 396519.77150078030536, 5834674.334003106690943 ], [ 396535.114478160743602, 5834697.639464830048382 ], [ 396576.025104455591645, 5834729.856728211045265 ], [ 396588.578702277038246, 5834743.216235653497279 ], [ 396600.590603899268899, 5834754.38626167178154 ], [ 396609.11361449881224, 5834766.122748741880059 ], [ 396614.934900070074946, 5834772.511211012490094 ], [ 396621.259770836913958, 5834779.090056117624044 ], [ 396624.730645663512405, 5834782.823559494689107 ], [ 396637.206115615204908, 5834792.084914185106754 ], [ 396642.875130475964397, 5834800.976058294996619 ], [ 396649.809257855755277, 5834808.04324481356889 ], [ 396651.284847618662752, 5834812.014764666557312 ], [ 396667.32057902473025, 5834819.208427646197379 ], [ 396681.397230729286093, 5834828.539249543100595 ], [ 396684.279810015577823, 5834832.883913421072066 ], [ 396687.624051988590509, 5834835.219953144900501 ], [ 396705.15910418209387, 5834842.385034244507551 ], [ 396726.535400663502514, 5834856.976230347529054 ], [ 396742.425441153754946, 5834861.772879482246935 ], [ 396749.704125211224891, 5834865.933751399628818 ], [ 396769.92773728328757, 5834888.246237963438034 ], [ 396781.07642642443534, 5834911.831615467555821 ], [ 396782.040809224185068, 5834915.212931700050831 ], [ 396782.818621590733528, 5834919.297742584720254 ], [ 396785.261541616171598, 5834932.050043980590999 ], [ 396779.255768620409071, 5834936.964104971848428 ], [ 396779.421554915606976, 5834945.660176351666451 ], [ 396780.820921760052443, 5834945.633500915952027 ], [ 396781.848189346725121, 5834952.313326896168292 ], [ 396783.207716446951963, 5834960.686668994836509 ], [ 396780.693780279601924, 5834970.433734341524541 ], [ 396791.95821011683438, 5835026.314049750566483 ], [ 396794.745006456854753, 5835051.85866438690573 ], [ 396798.343558282125741, 5835062.28913847822696 ], [ 396797.879128539876547, 5835069.397364516742527 ], [ 396789.091092664690223, 5835090.96299862023443 ], [ 396759.708926182356663, 5835133.71938085090369 ], [ 396749.920118597627152, 5835139.505489875562489 ], [ 396749.474746448220685, 5835147.613265228457749 ], [ 396749.056053397478536, 5835157.120408482849598 ], [ 396664.040444444981404, 5835171.639921986497939 ], [ 396628.859302678378299, 5835177.710104723460972 ], [ 396591.682872773148119, 5835184.018306934274733 ], [ 396258.198165777139366, 5835240.971121245995164 ], [ 396142.08798809570726, 5835260.883006395772099 ], [ 396020.593548808072228, 5835281.59748131968081 ], [ 395998.666343297925778, 5835285.315198501572013 ], [ 395888.421493452275172, 5835382.108641905710101 ], [ 395814.659645986626856, 5835446.709347784519196 ], [ 395764.705766408704221, 5835490.857927846722305 ], [ 395747.989741883706301, 5835505.675348721444607 ], [ 395710.141662162262946, 5835539.694010136649013 ], [ 395683.503599920892157, 5835563.799804447218776 ], [ 395673.668177574581932, 5835572.386583684012294 ], [ 395658.424797396815848, 5835585.776056290604174 ], [ 395626.263575332588516, 5835613.886814423836768 ], [ 395616.924116389476694, 5835622.264157911762595 ], [ 395585.055135540023912, 5835649.969384063966572 ], [ 395502.843879873980768, 5835722.430596824735403 ], [ 395438.289119175169617, 5835776.956728744320571 ], [ 395226.526857591466978, 5835872.386062159202993 ], [ 395279.401383623131551, 5835928.973140164278448 ], [ 395288.586024310730863, 5835938.697196825407445 ], [ 395356.747320070688147, 5836010.391509347595274 ], [ 395407.971105281612836, 5836064.310256798751652 ], [ 395483.683452783792745, 5836143.959878529421985 ], [ 395533.271743734774645, 5836196.009939631447196 ], [ 395553.104987140453886, 5836208.330728036351502 ], [ 395834.512332668702584, 5836561.334741642698646 ], [ 396060.809076793841086, 5836446.829724380746484 ], [ 396250.267474550928455, 5836351.125581569038332 ], [ 396261.061544331372716, 5836345.620248569175601 ], [ 396352.922633879701607, 5836469.857864508405328 ], [ 396404.241854104097001, 5836539.273266685195267 ], [ 396418.101703679014463, 5836558.207336039282382 ], [ 396581.095571351703256, 5836778.880042226985097 ], [ 396593.982959299231879, 5836773.034816977567971 ], [ 396672.585868145979475, 5836878.426728886552155 ], [ 396791.821109667012934, 5837038.139007707126439 ], [ 396854.026124475814868, 5837117.345834691077471 ], [ 396876.363303448189981, 5837145.617388446815312 ], [ 396927.4739556228742, 5837209.337117842398584 ], [ 396928.305997152172495, 5837211.021102416329086 ], [ 396951.373036391334608, 5837183.183700878173113 ], [ 396978.448632515501231, 5837150.570286414586008 ], [ 397000.811339619220234, 5837127.74587703961879 ], [ 397044.167885414790362, 5837083.723023226484656 ], [ 397071.867455972591415, 5837115.292018558830023 ], [ 397137.902051120065153, 5837190.826086218468845 ], [ 397197.702174042467959, 5837259.27965004555881 ], [ 397229.812906911189202, 5837197.072872181423008 ], [ 397236.503918081696611, 5837186.146255501545966 ], [ 397220.229073714872357, 5837171.657894178293645 ], [ 397182.473429268749896, 5837110.883274332620203 ] ] ] ] } }
]
}
